1,-0.0014,-0.0001,100,518.67,641.96,1587.1,1400.65,14.62,21.61,553.68,2388,9054.19,1.3,47.34,522.03,2388.03,8136.88,8.4094,0.03,392,2388,100,38.87,23.4081
2,-0.0003,-0.0004,100,518.67,641.5,1594.24,1401.54,14.62,21.61,554.22,2388.04,9057.57,1.3,47.26,522.08,2388.08,8139.88,8.4172,0.03,392,2388,100,39.02,23.4189
3,0.0006,-0.0003,100,518.67,642.73,1585.41,1405.22,14.62,21.61,554.11,2388.04,9052.77,1.3,47.35,522.05,2388.06,8136.42,8.3869,0.03,392,2388,100,38.82,23.3756
4,-0.0001,-0.0003,100,518.67,642,1586.57,1408.44,14.62,21.61,553.84,2388.03,9061.89,1.3,47.35,521.63,2388.05,8142.92,8.389,0.03,391,2388,100,38.99,23.2744
5,0.0026,0.0002,100,518.67,642.37,1582.6,1403.07,14.62,21.61,554,2388.06,9064.65,1.3,47.34,522.31,2388.07,8138.93,8.4042,0.03,392,2388,100,38.87,23.3195
6,-0.0038,0.0004,100,518.67,642.66,1586.89,1399.12,14.62,21.61,554.06,2388,9053.99,1.3,47.39,521.97,2388.03,8142.62,8.3786,0.03,392,2388,100,39.09,23.469
7,0.0002,0.0001,100,518.67,641.86,1581.58,1399.02,14.62,21.61,553.9,2388.02,9062.66,1.3,47.3,522.14,2388.04,8138.17,8.414,0.03,391,2388,100,38.96,23.3916
8,-0.0011,-0.0003,100,518.67,642.24,1581.77,1402.42,14.62,21.61,554.48,2388.03,9061.03,1.3,47.39,522.21,2388.01,8136.31,8.4132,0.03,393,2388,100,38.77,23.4313
9,0.0008,0.0002,100,518.67,642.53,1582.27,1399.12,14.62,21.61,553.57,2388,9056.76,1.3,47.5,522.66,2388.03,8139.81,8.4297,0.03,391,2388,100,39.05,23.3284
10,-0.0007,-0.0001,100,518.67,642.2,1586.82,1405.68,14.62,21.61,553.92,2388.04,9063.43,1.3,47.42,522.31,2388.02,8144.09,8.4457,0.03,393,2388,100,38.88,23.3153
11,0,-0.0003,100,518.67,642.5,1594.77,1406.42,14.62,21.61,554.17,2388.05,9056.9,1.3,47.43,522.29,2388.1,8133.74,8.4304,0.03,393,2388,100,38.92,23.4431
12,-0.0025,0,100,518.67,642.22,1588.72,1399.64,14.62,21.61,553.62,2388.11,9060.31,1.3,47.31,522.23,2388.05,8137.3,8.4514,0.03,392,2388,100,38.84,23.2182
13,0.0003,-0.0004,100,518.67,642.34,1589.66,1398.65,14.62,21.61,553.81,2388.1,9056.77,1.3,47.35,521.6,2388.04,8135.03,8.4058,0.03,391,2388,100,38.92,23.4015
14,0.0022,0.0003,100,518.67,642.17,1591.26,1402.76,14.62,21.61,553.88,2388.06,9055.95,1.3,47.18,521.53,2388.11,8138.6,8.4368,0.03,392,2388,100,38.9,23.3457
15,-0.0059,0.0001,100,518.67,642.06,1585.51,1404.58,14.62,21.61,553.62,2388.05,9054.82,1.3,47.47,521.72,2388.02,8138.64,8.4268,0.03,390,2388,100,38.98,23.3993
16,0.0004,0.0002,100,518.67,642.51,1583.93,1406.63,14.62,21.61,553.9,2388.08,9067.7,1.3,47.29,522.37,2388.03,8138.65,8.4132,0.03,391,2388,100,38.85,23.3434
17,-0.0023,-0.0002,100,518.67,642.09,1586.48,1402.52,14.62,21.61,554.32,2388.06,9053.41,1.3,47.27,522.14,2388.05,8147.33,8.4084,0.03,392,2388,100,38.98,23.521
18,0.0016,0.0004,100,518.67,642.63,1593.01,1398.91,14.62,21.61,554.41,2388.08,9063,1.3,47.33,521.94,2388.02,8140.57,8.4055,0.03,392,2388,100,38.87,23.424
19,0.0018,-0.0001,100,518.67,642.48,1583.71,1402.07,14.62,21.61,554.34,2388.03,9063.62,1.3,47.41,521.54,2388.06,8140.27,8.4271,0.03,392,2388,100,38.99,23.4281
20,-0.0005,-0.0002,100,518.67,642.95,1580.85,1401.35,14.62,21.61,553.46,2388.03,9058.34,1.3,47.41,522.3,2388.03,8146.28,8.3883,0.03,392,2388,100,38.89,23.4506
21,0.001,-0.0001,100,518.67,642.61,1582.64,1400.83,14.62,21.61,554.47,2388.04,9061.93,1.3,47.31,521.45,2388.02,8143.26,8.4128,0.03,392,2388,100,38.98,23.2773
22,-0.0011,0.0005,100,518.67,642.47,1583.51,1408.57,14.62,21.61,553.72,2387.99,9059.64,1.3,47.3,522.15,2388.04,8140.42,8.4106,0.03,390,2388,100,38.9,23.392
23,0.0014,0.0002,100,518.67,641.96,1587.87,1398.51,14.62,21.61,553.85,2388.07,9060.78,1.3,47.21,522.08,2388.07,8138.76,8.4135,0.03,391,2388,100,38.98,23.243
24,0.0013,-0.0004,100,518.67,642.03,1594.35,1404.97,14.62,21.61,553.7,2388.04,9059.9,1.3,47.25,521.44,2388.05,8143,8.406,0.03,393,2388,100,39.01,23.4064
25,-0.0006,-0.0002,100,518.67,642.98,1582.81,1402.96,14.62,21.61,553.52,2388,9067.34,1.3,47.3,521.81,2388.05,8141.24,8.3933,0.03,392,2388,100,39.04,23.4213
26,0.0006,0.0004,100,518.67,643.05,1582.02,1401.56,14.62,21.61,553.55,2388.05,9050.56,1.3,47.4,521.81,2388.03,8139.07,8.4684,0.03,392,2388,100,38.9,23.4005
27,0.0005,0.0004,100,518.67,642.46,1589.72,1397.94,14.62,21.61,553.9,2388.03,9053.93,1.3,47.24,521.82,2388,8142.27,8.4161,0.03,391,2388,100,38.93,23.4205
28,-0.0053,-0.0004,100,518.67,642.39,1583.78,1397.51,14.62,21.61,555.41,2388.02,9051.95,1.3,47.39,521.73,2388.09,8140.09,8.3993,0.03,392,2388,100,38.89,23.4389
29,-0.0006,-0.0001,100,518.67,642.02,1591.48,1403.56,14.62,21.61,553.71,2388.04,9062.09,1.3,47.3,522.26,2388.03,8140.17,8.4371,0.03,390,2388,100,39.07,23.4161
30,0.0017,0.0003,100,518.67,642.11,1596.64,1401.98,14.62,21.61,554.4,2388.03,9060.93,1.3,47.44,521.7,2388.04,8139.49,8.4127,0.03,393,2388,100,39.13,23.4085
31,0.0001,-0.0001,100,518.67,641.76,1585.94,1403.47,14.62,21.61,553.86,2388.05,9060.57,1.3,47.21,521.91,2388.06,8133.23,8.4403,0.03,392,2388,100,38.94,23.3638
32,0.0006,-0.0004,100,518.67,642.54,1583.83,1396.26,14.62,21.61,553.75,2388.01,9058.88,1.3,47.27,521.63,2388.04,8137.36,8.4476,0.03,392,2388,100,38.94,23.3449
33,0.0012,0.0001,100,518.67,642.39,1586.62,1396.31,14.62,21.61,554.17,2388.03,9060.05,1.3,47.11,521.76,2388.05,8138.75,8.424,0.03,391,2388,100,38.84,23.4213
34,-0.0003,0,100,518.67,642.26,1587.22,1402.87,14.62,21.61,553.68,2388.05,9052.74,1.3,47.61,521.8,2388.07,8136.4,8.4184,0.03,393,2388,100,38.7,23.274
35,-0.0015,0,100,518.67,642.5,1588.12,1406.54,14.62,21.61,553.92,2388.05,9064.29,1.3,47.2,522.25,2388.07,8137.46,8.4128,0.03,392,2388,100,39.01,23.4004
36,0.0024,0,100,518.67,642.96,1584.06,1400.27,14.62,21.61,553.08,2388,9056.93,1.3,47.24,522.36,2388.05,8139.19,8.3762,0.03,391,2388,100,38.91,23.4458
37,-0.0026,-0.0002,100,518.67,642.27,1586.96,1403.9,14.62,21.61,554.55,2388.02,9057.54,1.3,47.41,522.19,2388.01,8139.32,8.3834,0.03,393,2388,100,38.91,23.3384
38,0.0017,0.0002,100,518.67,642.14,1585.48,1393.38,14.62,21.61,553.79,2388.03,9057.85,1.3,47.34,521.73,2387.98,8141.77,8.3927,0.03,393,2388,100,38.91,23.423
39,0.0014,-0.0004,100,518.67,642.94,1594.9,1403.49,14.62,21.61,553.69,2388.01,9070.94,1.3,47.16,521.75,2388.03,8135.22,8.4023,0.03,391,2388,100,38.93,23.3212
40,-0.0025,-0.0001,100,518.67,642.37,1579.66,1395.23,14.62,21.61,554.98,2388.01,9062.84,1.3,47.36,522.49,2388,8137.83,8.3953,0.03,392,2388,100,38.95,23.272
41,-0.0021,-0.0004,100,518.67,642.81,1583.15,1403.22,14.62,21.61,554.22,2388.05,9054.53,1.3,47.22,522.5,2388.05,8138.32,8.4235,0.03,392,2388,100,38.93,23.4194
42,-0.0026,-0.0003,100,518.67,642.56,1588.95,1393.94,14.62,21.61,553.92,2388.05,9059.64,1.3,47.41,522.24,2388.03,8139.47,8.4167,0.03,393,2388,100,38.85,23.3479
43,0.0009,0.0001,100,518.67,642.48,1590.83,1406.74,14.62,21.61,553.36,2388.07,9066.87,1.3,47.32,522.04,2388.07,8147.04,8.395,0.03,392,2388,100,39,23.2502
44,0,0.0005,100,518.67,642.08,1590.48,1402.63,14.62,21.61,553.59,2388,9062.19,1.3,47.36,522.08,2388.08,8140.65,8.4196,0.03,392,2388,100,38.95,23.3222
45,-0.0004,0.0002,100,518.67,642.33,1589.66,1408.84,14.62,21.61,554.52,2388.07,9067.54,1.3,47.44,521.67,2388.01,8144.68,8.3736,0.03,394,2388,100,38.86,23.2566
46,-0.0012,0.0005,100,518.67,642.07,1590.88,1400.68,14.62,21.61,553.96,2388.04,9056.72,1.3,47.15,522.43,2387.99,8142.25,8.4282,0.03,392,2388,100,39.02,23.3222
47,-0.0015,-0.0002,100,518.67,642.42,1583.93,1400.96,14.62,21.61,553.83,2388.05,9052.8,1.3,47.17,522.24,2388.06,8137.04,8.4111,0.03,392,2388,100,38.95,23.454
48,0.0021,-0.0004,100,518.67,642.22,1583.95,1394.68,14.62,21.61,553.84,2388.01,9062.15,1.3,47.29,522.1,2388.02,8139.48,8.4212,0.03,392,2388,100,39.1,23.4226
49,0.0025,-0.0001,100,518.67,642.22,1586.24,1401.05,14.62,21.61,554.35,2388.03,9053.59,1.3,47.43,522.43,2388.02,8141.65,8.4092,0.03,391,2388,100,38.75,23.4848
50,0.0005,-0.0004,100,518.67,642.7,1589.78,1409.53,14.62,21.61,554.36,2388.07,9052.96,1.3,47.41,521.93,2388.02,8132.38,8.4397,0.03,393,2388,100,38.97,23.4748
51,0.0046,0.0003,100,518.67,642.01,1590.52,1413.52,14.62,21.61,553.49,2388.06,9057.19,1.3,47.37,521.82,2388.06,8136.28,8.4209,0.03,392,2388,100,38.85,23.369
52,0.0031,0.0001,100,518.67,641.95,1582.78,1400.49,14.62,21.61,553.32,2388.07,9060.68,1.3,47.37,522.11,2388.04,8141.2,8.4009,0.03,394,2388,100,39.12,23.2139
53,-0.0013,0,100,518.67,642.44,1590.73,1402.65,14.62,21.61,553.61,2388.05,9055.7,1.3,47.32,521.61,2388.02,8136.94,8.3999,0.03,392,2388,100,38.9,23.3389
54,0.001,-0.0002,100,518.67,642.22,1592.65,1399.91,14.62,21.61,554.06,2388.06,9059.05,1.3,47.44,522.23,2388.1,8139.88,8.4224,0.03,394,2388,100,38.94,23.4411
55,-0.0006,-0.0001,100,518.67,642.31,1589.02,1403.57,14.62,21.61,553.39,2388.01,9064.28,1.3,47.22,522,2388.06,8144.25,8.4422,0.03,391,2388,100,38.91,23.4376
56,-0.0002,0.0003,100,518.67,642.2,1581.45,1404.68,14.62,21.61,553.56,2388.07,9051.54,1.3,47.34,522.03,2388.07,8145.83,8.3976,0.03,391,2388,100,39,23.4773
57,0.0017,0.0004,100,518.67,642.68,1593.8,1405.01,14.62,21.61,553.22,2388.06,9063.66,1.3,47.43,521.24,2388.07,8135.48,8.4233,0.03,393,2388,100,39.01,23.2959
58,0.0009,0.0002,100,518.67,642.25,1591.74,1400.35,14.62,21.61,554.18,2388.04,9061.74,1.3,47.39,522.04,2388.06,8142.67,8.4449,0.03,391,2388,100,39.04,23.4445
59,-0.0022,0.0002,100,518.67,642.43,1591.48,1399.67,14.62,21.61,553.6,2388.07,9056.32,1.3,47.41,522.12,2388.06,8137.49,8.4002,0.03,394,2388,100,38.96,23.4055
60,0.0012,0.0003,100,518.67,642.67,1591.24,1404.78,14.62,21.61,554.13,2388.02,9062.32,1.3,47.34,521.85,2388.06,8145.83,8.424,0.03,392,2388,100,38.8,23.3268
61,0.0011,-0.0004,100,518.67,642.6,1589.87,1401.64,14.62,21.61,553.65,2388.07,9060.28,1.3,47.33,522.03,2388.05,8138.79,8.4468,0.03,394,2388,100,39.13,23.2911
62,0.0027,-0.0004,100,518.67,641.99,1587.1,1402.55,14.62,21.61,553.73,2388.11,9065.67,1.3,47.31,521.75,2388.02,8138.3,8.4194,0.03,389,2388,100,38.92,23.3303
63,0.0011,-0.0002,100,518.67,642.42,1588.23,1407.13,14.62,21.61,554.05,2388.02,9056.97,1.3,47.31,522.24,2388.08,8140.69,8.3737,0.03,392,2388,100,38.87,23.3459
64,-0.0029,-0.0002,100,518.67,641.78,1583.57,1403.32,14.62,21.61,554.73,2388.07,9066.03,1.3,47.37,521.62,2388.09,8143.96,8.4115,0.03,391,2388,100,39,23.4353
65,0.0045,0.0003,100,518.67,642.41,1585.43,1404.72,14.62,21.61,553.88,2387.99,9059.38,1.3,47.33,522.06,2388.05,8148.52,8.3668,0.03,393,2388,100,38.91,23.3167
66,-0.0042,-0.0004,100,518.67,643.04,1585.75,1402.42,14.62,21.61,554.22,2388.07,9061.17,1.3,47.33,522.02,2388.02,8141.98,8.404,0.03,392,2388,100,38.97,23.3391
67,0.0015,-0.0003,100,518.67,642.61,1589.15,1405.42,14.62,21.61,554.73,2388.05,9060.32,1.3,47.32,521.63,2388.01,8139.04,8.3821,0.03,393,2388,100,39.03,23.3232
68,0,-0.0002,100,518.67,642.52,1588.22,1403.38,14.62,21.61,553.93,2388.09,9059.01,1.3,47.27,522.47,2388.1,8141.02,8.4487,0.03,391,2388,100,39,23.3992
69,0.0011,0.0003,100,518.67,642.49,1588.58,1402.21,14.62,21.61,554.03,2388.05,9052.41,1.3,47.21,521.97,2388.01,8143.38,8.4226,0.03,391,2388,100,38.83,23.3736
70,0.0029,-0.0004,100,518.67,642.1,1587.68,1398.62,14.62,21.61,553.66,2388.09,9060.77,1.3,47.46,521.39,2388.04,8142.28,8.4369,0.03,392,2388,100,38.93,23.2777
71,0.0021,0.0003,100,518.67,642.32,1590.15,1394.47,14.62,21.6,553.47,2388.01,9056.1,1.3,47.33,521.78,2388.05,8140.18,8.3838,0.03,393,2388,100,38.87,23.4252
72,0.0003,0,100,518.67,642.49,1592.29,1397.55,14.62,21.61,554.04,2388.05,9056.96,1.3,47.15,522.12,2388.05,8140.72,8.4723,0.03,391,2388,100,38.97,23.3514
73,0.0015,-0.0004,100,518.67,642.78,1588.97,1397.19,14.62,21.61,553.97,2388.05,9058.06,1.3,47.31,522.25,2388.09,8139.16,8.4148,0.03,394,2388,100,38.91,23.3846
74,0.002,-0.0001,100,518.67,641.82,1585.45,1396.86,14.62,21.61,553.64,2388.1,9063.84,1.3,47.39,521.9,2388.09,8141.74,8.4142,0.03,394,2388,100,38.92,23.3615
75,-0.0008,0.0004,100,518.67,641.93,1584.1,1393.68,14.62,21.61,553.75,2388.05,9060.09,1.3,47.36,522.24,2388.1,8144.24,8.4274,0.03,391,2388,100,38.84,23.4059
76,-0.0011,0.0004,100,518.67,642.15,1588.26,1403.48,14.62,21.61,554.04,2388.03,9056.32,1.3,47.21,522.14,2388.03,8140.08,8.396,0.03,392,2388,100,38.74,23.3337
77,-0.0008,0.0003,100,518.67,642.26,1581.31,1397.67,14.62,21.61,554.36,2388.02,9065.86,1.3,47.37,522.26,2388.09,8137.13,8.4086,0.03,392,2388,100,38.87,23.3905
78,0.0001,-0.0001,100,518.67,642.65,1581.02,1402.1,14.62,21.61,554.07,2388.07,9064.15,1.3,47.33,522.13,2388.05,8142.57,8.3867,0.03,395,2388,100,38.94,23.4632
79,-0.0001,0.0002,100,518.67,642.33,1590.07,1400.89,14.62,21.61,553.88,2388.06,9055.55,1.3,47.26,522.24,2388.05,8136.28,8.4246,0.03,391,2388,100,38.95,23.3784
80,-0.0002,0.0005,100,518.67,641.95,1588.83,1402.95,14.62,21.61,554.36,2388.07,9061,1.3,47.37,522,2388.04,8145.17,8.4196,0.03,392,2388,100,39.06,23.3386
81,-0.0004,-0.0001,100,518.67,642.7,1589.94,1410.19,14.62,21.61,554.13,2388.04,9055.31,1.3,47.38,522.5,2388.02,8142.24,8.4154,0.03,391,2388,100,38.85,23.3222
82,0.0011,0,100,518.67,642.46,1582.8,1400.87,14.62,21.61,554.14,2388.03,9060.03,1.3,47.42,522.06,2388.08,8136.72,8.4148,0.03,392,2388,100,38.85,23.3736
83,-0.0015,0.0004,100,518.67,642.18,1590.51,1402.62,14.62,21.61,554.16,2388.09,9063.2,1.3,47.35,522.14,2388.04,8136.95,8.4277,0.03,392,2388,100,39.06,23.3795
84,0.0004,-0.0001,100,518.67,642.48,1587.83,1411.14,14.62,21.61,553.84,2388.1,9067.99,1.3,47.28,522.2,2388.07,8140.99,8.3994,0.03,392,2388,100,38.92,23.4059
85,0.0008,-0.0004,100,518.67,642.81,1588.16,1403.4,14.62,21.61,553.54,2388.06,9060.47,1.3,47.39,521.82,2388.09,8137.17,8.4113,0.03,392,2388,100,38.82,23.4197
86,0.0006,-0.0004,100,518.67,642.23,1588.23,1397.46,14.62,21.61,553.79,2388.06,9060.07,1.3,47.31,521.64,2388.03,8136.35,8.4236,0.03,392,2388,100,38.84,23.3077
87,-0.0012,-0.0004,100,518.67,642.3,1595.34,1405.94,14.62,21.61,554.01,2388.07,9062.3,1.3,47.22,521.74,2388.08,8138.54,8.4021,0.03,394,2388,100,38.93,23.335
88,-0.0003,0.0004,100,518.67,642.75,1586.48,1397.49,14.62,21.61,554.44,2388.07,9059.07,1.3,47.28,521.98,2388.05,8141.91,8.3784,0.03,392,2388,100,38.9,23.3965
89,-0.0031,0.0002,100,518.67,642.5,1590.07,1400.68,14.62,21.61,554.1,2388.07,9060.09,1.3,47.51,521.8,2388.04,8143.15,8.4236,0.03,393,2388,100,38.89,23.2684
90,0.0006,-0.0003,100,518.67,642.29,1589.44,1400.74,14.62,21.61,554.05,2388.06,9059.32,1.3,47.29,522.03,2388.07,8148.89,8.3973,0.03,392,2388,100,39.15,23.3596
91,0.001,-0.0004,100,518.67,642.95,1588.38,1402.11,14.62,21.61,553.81,2388.09,9057.6,1.3,47.44,522.15,2388.06,8140.09,8.4392,0.03,394,2388,100,38.98,23.4327
92,-0.0007,-0.0004,100,518.67,642.49,1583.11,1402.98,14.62,21.61,553.51,2388.02,9059.25,1.3,47.38,522.25,2388.04,8139.8,8.4064,0.03,393,2388,100,38.86,23.2896
93,-0.0004,-0.0001,100,518.67,642.42,1590.25,1404.13,14.62,21.61,553.73,2388.1,9055.71,1.3,47.46,522.03,2388.08,8142.21,8.4407,0.03,393,2388,100,38.96,23.3355
94,0.0006,-0.0004,100,518.67,642.23,1587.91,1407.16,14.62,21.6,554.38,2388.03,9061.06,1.3,47.35,522.02,2388.08,8138.31,8.4041,0.03,392,2388,100,39,23.4327
95,0.0039,-0.0005,100,518.67,642.7,1586.28,1410.86,14.62,21.61,553.12,2388.04,9064.63,1.3,47.34,522,2388.02,8138.9,8.4283,0.03,393,2388,100,38.72,23.314
96,-0.0003,0,100,518.67,642.35,1583.22,1397.91,14.62,21.61,553.21,2388.09,9065.08,1.3,47.35,521.78,2388.04,8135.88,8.3991,0.03,390,2388,100,38.93,23.2473
97,-0.0011,-0.0004,100,518.67,642.27,1587.87,1406.05,14.62,21.61,553.68,2388.05,9054.92,1.3,47.35,521.8,2388.04,8140.98,8.3872,0.03,393,2388,100,39.02,23.4463
98,0.0001,0,100,518.67,642.71,1582.37,1405.4,14.62,21.61,553.82,2388.05,9064.27,1.3,47.56,521.96,2388.03,8140.38,8.4307,0.03,393,2388,100,39.08,23.3394
99,-0.0006,0.0005,100,518.67,642.65,1585.79,1402.46,14.62,21.61,553.89,2388.06,9054.75,1.3,47.34,521.93,2388.06,8139.48,8.4172,0.03,391,2388,100,39.04,23.4417
100,-0.0014,0.0003,100,518.67,642.14,1585.79,1401.43,14.62,21.61,554.21,2388.12,9061.06,1.3,47.39,521.74,2388.05,8137.73,8.4533,0.03,393,2388,100,38.93,23.3111
101,-0.0068,0.0001,100,518.67,642.26,1589.04,1402.74,14.62,21.61,554.83,2388.05,9058.42,1.3,47.37,522.02,2388.11,8147.22,8.4682,0.03,392,2388,100,38.83,23.4186
102,-0.0031,-0.0002,100,518.67,642.4,1580.86,1408.9,14.62,21.61,553.63,2388.1,9053.67,1.3,47.4,521.48,2388.03,8139.01,8.418,0.03,392,2388,100,38.79,23.3209
103,-0.0001,-0.0004,100,518.67,642.82,1590.71,1402.73,14.62,21.61,554.17,2388.08,9061.15,1.3,47.45,522.03,2388.12,8137.52,8.4634,0.03,394,2388,100,38.96,23.3319
104,-0.0051,-0.0001,100,518.67,641.95,1583.69,1406.33,14.62,21.61,554.34,2388.09,9063.72,1.3,47.55,521.75,2388.04,8147.21,8.398,0.03,394,2388,100,38.84,23.3785
105,-0.001,0.0003,100,518.67,642.46,1583.49,1401.41,14.62,21.61,554.13,2388.1,9060.61,1.3,47.32,521.4,2388.05,8137.09,8.4414,0.03,393,2388,100,38.92,23.4095
106,0.0004,0.0004,100,518.67,642.6,1592.78,1405.4,14.62,21.61,554.08,2388.08,9063.02,1.3,47.23,522.03,2388.05,8142.94,8.437,0.03,392,2388,100,38.87,23.2928
107,-0.0009,0.0001,100,518.67,642.06,1581.32,1403.28,14.62,21.61,554.18,2388.06,9058.46,1.3,47.34,521.55,2388.06,8138.36,8.4116,0.03,393,2388,100,38.91,23.41
108,0.0007,-0.0003,100,518.67,642.55,1590.72,1403.11,14.62,21.61,553.81,2388.06,9063.82,1.3,47.52,522.02,2388.06,8136.33,8.3946,0.03,393,2388,100,39.09,23.3653
109,0.0003,0.0003,100,518.67,642.51,1589.1,1402.85,14.62,21.6,554.03,2388.05,9057.7,1.3,47.29,521.86,2388.02,8139.33,8.4265,0.03,392,2388,100,38.91,23.343
110,0.0026,0.0002,100,518.67,642.21,1589.67,1397.65,14.62,21.61,554.29,2388.04,9064.99,1.3,47.32,521.7,2388.11,8135.12,8.4482,0.03,392,2388,100,38.86,23.384
111,-0.0001,0.0001,100,518.67,641.98,1594.26,1401.35,14.62,21.61,554.03,2388.07,9056.52,1.3,47.34,521.9,2388.13,8138.88,8.3717,0.03,393,2388,100,38.78,23.3955
112,0.0009,-0.0004,100,518.67,642.49,1595.04,1407.67,14.62,21.61,553.85,2388.07,9057.43,1.3,47.37,521.55,2388.1,8135.64,8.4099,0.03,392,2388,100,38.74,23.3357
113,-0.0002,-0.0002,100,518.67,642.88,1588.63,1413.22,14.62,21.61,553.99,2388.05,9062.7,1.3,47.48,522.25,2388.05,8141.12,8.4156,0.03,392,2388,100,38.88,23.4319
114,0.0018,-0.0002,100,518.67,642.29,1587.98,1406.57,14.62,21.61,554.17,2388.06,9067.76,1.3,47.42,521.68,2388.05,8140.43,8.4277,0.03,392,2388,100,38.98,23.3578
115,-0.004,0.0002,100,518.67,642.62,1592.14,1403.66,14.62,21.61,553.28,2388.07,9055.41,1.3,47.4,521.99,2388.05,8138.1,8.3966,0.03,394,2388,100,38.84,23.287
116,-0.0043,0.0004,100,518.67,642.19,1593.04,1401.12,14.62,21.61,553.7,2388.01,9057.86,1.3,47.24,522.27,2388.02,8139.99,8.4027,0.03,392,2388,100,38.95,23.1733
117,-0.0014,0.0001,100,518.67,642.3,1580.92,1403.44,14.62,21.61,554.26,2388.07,9067.55,1.3,47.39,521.92,2388.05,8138.35,8.431,0.03,392,2388,100,39.02,23.4317
118,-0.0013,0.0002,100,518.67,642.19,1586.7,1406.53,14.62,21.6,554.3,2388.08,9062.57,1.3,47.44,521.8,2388.07,8136.39,8.4094,0.03,392,2388,100,38.84,23.3953
119,-0.0006,-0.0002,100,518.67,642.48,1585.14,1405.6,14.62,21.61,553.64,2388.04,9059.14,1.3,47.29,521.67,2388.09,8139.41,8.435,0.03,394,2388,100,38.74,23.3253
120,0.001,0.0004,100,518.67,642.36,1589.23,1403.27,14.62,21.61,553.82,2388.08,9064.56,1.3,47.45,522.08,2388.05,8138.57,8.4149,0.03,391,2388,100,38.91,23.2706
121,0.0003,-0.0001,100,518.67,642.49,1586.86,1405.8,14.62,21.61,553.97,2388.04,9061.73,1.3,47.49,521.67,2388.06,8136.69,8.4424,0.03,393,2388,100,39.08,23.3898
122,0.0024,-0.0003,100,518.67,642.4,1583.9,1395,14.62,21.61,554.47,2388.1,9056.61,1.3,47.31,521.71,2388.09,8136.89,8.4004,0.03,394,2388,100,39,23.4376
123,-0.0025,-0.0003,100,518.67,642.28,1591.99,1398.15,14.62,21.61,554.17,2388.07,9055.32,1.3,47.42,521.75,2388.1,8141.08,8.396,0.03,391,2388,100,38.86,23.3047
124,0.0047,0.0005,100,518.67,642.44,1585.54,1403.35,14.62,21.61,553.33,2388.06,9062.41,1.3,47.43,521.73,2388.06,8140.77,8.3903,0.03,392,2388,100,38.95,23.2923
125,0.0011,0.0003,100,518.67,642.67,1595.6,1411.5,14.62,21.61,554.15,2388.04,9045.64,1.3,47.55,521.93,2388.1,8141.66,8.4411,0.03,392,2388,100,38.8,23.446
126,-0.0012,-0.0002,100,518.67,642.12,1592.38,1406.71,14.62,21.61,553.34,2388.09,9060.42,1.3,47.17,521.46,2388.12,8136.47,8.4184,0.03,393,2388,100,38.81,23.3453
127,0.0028,0.0003,100,518.67,641.65,1587.74,1405.94,14.62,21.61,554.71,2388.01,9064.82,1.3,47.52,522.01,2388.04,8143.25,8.4416,0.03,392,2388,100,38.9,23.3377
128,0.0011,-0.0001,100,518.67,642.34,1581.24,1399.95,14.62,21.61,554.57,2388.03,9058.78,1.3,47.42,522.02,2388.12,8135.69,8.436,0.03,392,2388,100,38.83,23.3132
129,0.0005,0,100,518.67,642.33,1586.03,1401.7,14.62,21.61,552.89,2388.02,9067.43,1.3,47.51,521.76,2388.07,8142.81,8.4059,0.03,392,2388,100,38.96,23.3278
130,-0.0041,-0.0002,100,518.67,642.27,1584.29,1406.42,14.62,21.61,553.63,2388.07,9061.3,1.3,47.5,521.56,2388.09,8140.92,8.413,0.03,394,2388,100,38.93,23.3508
131,-0.0032,0.0004,100,518.67,642.59,1587.82,1406.68,14.62,21.61,553.43,2388.1,9054.98,1.3,47.38,521.36,2388.14,8144.04,8.4318,0.03,393,2388,100,38.91,23.3793
132,0.0039,0.0005,100,518.67,642.37,1588.31,1401.39,14.62,21.61,554.13,2388.04,9058.67,1.3,47.24,521.8,2388.07,8140.99,8.441,0.03,392,2388,100,38.9,23.3596
133,0.0011,-0.0002,100,518.67,642.78,1586.41,1398.01,14.62,21.61,553.47,2388.11,9061.49,1.3,47.4,521.97,2388.07,8138.4,8.4317,0.03,394,2388,100,38.82,23.3191
134,0.0018,0.0002,100,518.67,642.44,1582.76,1406.13,14.62,21.61,553.61,2388.07,9061.1,1.3,47.29,521.83,2388.05,8138.51,8.4166,0.03,393,2388,100,38.99,23.3856
135,-0.0012,-0.0004,100,518.67,642.06,1588.63,1402.66,14.62,21.61,553.91,2388.06,9057.13,1.3,47.35,521.93,2388.1,8138.3,8.4278,0.03,391,2388,100,38.89,23.3185
136,-0.0014,-0.0004,100,518.67,642.47,1588.81,1403.63,14.62,21.61,554.02,2388.1,9066.77,1.3,47.49,521.77,2388.1,8137.05,8.4118,0.03,393,2388,100,38.87,23.4088
137,0.0001,0.0004,100,518.67,642.4,1586.21,1408.87,14.62,21.61,553.53,2388.04,9062.31,1.3,47.49,521.84,2388.08,8132.49,8.3908,0.03,391,2388,100,38.89,23.4165
138,-0.0042,0.0002,100,518.67,642.29,1584.91,1402.28,14.62,21.61,554.16,2388.08,9053.76,1.3,47.29,522.26,2388.04,8140.74,8.4068,0.03,394,2388,100,38.97,23.3071
139,-0.0003,0.0002,100,518.67,642.46,1591.06,1406.82,14.62,21.61,554.72,2388,9054.74,1.3,47.2,521.78,2388.05,8147.73,8.4125,0.03,393,2388,100,38.77,23.3347
140,0.0014,0.0005,100,518.67,642.7,1593.43,1412.94,14.62,21.61,553.43,2388.1,9060.49,1.3,47.56,521.71,2388.08,8142.8,8.4162,0.03,394,2388,100,38.95,23.2982
141,-0.0043,0.0005,100,518.67,642.88,1583.31,1400.34,14.62,21.61,553.32,2388.07,9063.73,1.3,47.41,521.47,2388.13,8139.96,8.4476,0.03,393,2388,100,38.81,23.3677
142,0.0024,0.0002,100,518.67,642.42,1586.04,1403.67,14.62,21.61,553.59,2388.08,9056.86,1.3,47.43,521.68,2388.07,8138.76,8.4405,0.03,393,2388,100,38.78,23.3592
143,-0.0007,-0.0002,100,518.67,642.03,1594.37,1404.07,14.62,21.61,554.4,2388.07,9056.28,1.3,47.4,522.11,2388.05,8143.27,8.4432,0.03,393,2388,100,39,23.3261
144,0.001,-0.0002,100,518.67,642.52,1593.06,1413.04,14.62,21.61,553.69,2388.09,9062.52,1.3,47.27,521.9,2388.09,8145.42,8.3938,0.03,394,2388,100,38.81,23.3889
145,-0.0006,0.0001,100,518.67,642.65,1588.35,1401.76,14.62,21.61,554.85,2388.01,9055.84,1.3,47.42,522.12,2388.06,8138.48,8.4415,0.03,392,2388,100,38.95,23.3461
146,0.0046,-0.0003,100,518.67,642.87,1591.29,1400.61,14.62,21.61,553.8,2388.04,9060.18,1.3,47.37,522.41,2388.07,8138.65,8.4617,0.03,392,2388,100,38.89,23.2719
147,0,-0.0002,100,518.67,641.85,1598.39,1404.29,14.62,21.61,553.28,2388.08,9060.27,1.3,47.34,521.11,2388.07,8138.04,8.413,0.03,393,2388,100,39.02,23.4099
148,-0.0008,0.0005,100,518.67,642.12,1592.47,1408.86,14.62,21.61,554.29,2388.08,9062.89,1.3,47.36,521.37,2388.1,8139.24,8.4128,0.03,394,2388,100,39.03,23.4103
149,0,0.0002,100,518.67,642.44,1585.98,1412.5,14.62,21.61,553.91,2388.06,9057.85,1.3,47.69,521.88,2388.03,8139.03,8.4555,0.03,392,2388,100,38.65,23.2829
150,-0.0041,-0.0001,100,518.67,641.77,1592.75,1411.43,14.62,21.61,553.64,2388.06,9064.75,1.3,47.53,521.63,2388.07,8142.82,8.398,0.03,392,2388,100,38.77,23.2324
151,0.0026,0.0002,100,518.67,642.57,1585.42,1406.85,14.62,21.61,554.12,2388.03,9058.23,1.3,47.5,521.81,2388.04,8141.88,8.431,0.03,392,2388,100,38.79,23.3772
152,0.0044,-0.0004,100,518.67,642.21,1586.79,1407.53,14.62,21.61,553.96,2388.07,9064.66,1.3,47.51,521.45,2388.09,8137.54,8.4366,0.03,392,2388,100,38.74,23.2671
153,0.0006,0.0002,100,518.67,643.05,1596.96,1402.22,14.62,21.61,553.95,2388.1,9057.5,1.3,47.41,521.67,2388.07,8139.64,8.4288,0.03,393,2388,100,38.72,23.3215
154,0.0004,0.0004,100,518.67,642.58,1587.36,1396.77,14.62,21.61,553.9,2388.07,9054.28,1.3,47.32,522.09,2388.08,8136.45,8.4378,0.03,392,2388,100,38.85,23.3733
155,0.0013,0.0004,100,518.67,642.46,1594.33,1403.29,14.62,21.61,553.89,2388.07,9059.38,1.3,47.48,522.21,2388.11,8138.75,8.4315,0.03,393,2388,100,38.8,23.3146
156,0.0043,-0.0005,100,518.67,642.81,1586.49,1409.77,14.62,21.61,553.22,2388.05,9048.42,1.3,47.47,521.93,2388.06,8141.24,8.414,0.03,391,2388,100,38.77,23.3228
157,0.0018,-0.0005,100,518.67,642.48,1585.83,1399,14.62,21.61,553.49,2388.13,9054.1,1.3,47.32,521.82,2388.11,8139.99,8.4459,0.03,393,2388,100,38.96,23.2912
158,0.0022,-0.0002,100,518.67,642.56,1595.06,1398.21,14.62,21.61,554.08,2388.06,9052.65,1.3,47.37,521.81,2388.04,8136.83,8.4165,0.03,394,2388,100,38.89,23.2278
159,-0.0011,0.0002,100,518.67,642.78,1588.47,1403.68,14.62,21.61,554.27,2388.02,9064.91,1.3,47.5,521.45,2388.1,8140.89,8.4397,0.03,394,2388,100,38.96,23.2551
160,-0.0016,0.0001,100,518.67,642.24,1590.67,1396.04,14.62,21.61,554.06,2388.09,9055.43,1.3,47.5,521.62,2388.09,8137.14,8.4351,0.03,394,2388,100,38.96,23.2379
161,0.0024,0.0005,100,518.67,642.42,1595.85,1409.82,14.62,21.61,554.1,2388.06,9063.54,1.3,47.36,521.42,2388.09,8139.61,8.441,0.03,393,2388,100,38.96,23.2825
162,0.0003,0,100,518.67,642.05,1583.95,1402.38,14.62,21.61,553.54,2388.1,9057.44,1.3,47.44,521.07,2388.13,8138.31,8.4104,0.03,392,2388,100,39.04,23.2663
163,-0.0046,-0.0004,100,518.67,642.96,1587.57,1409.73,14.62,21.61,553.24,2388.08,9060.43,1.3,47.46,521.58,2388.1,8148.03,8.3988,0.03,392,2388,100,38.81,23.3941
164,-0.0004,-0.0005,100,518.67,642.67,1591.85,1405.05,14.62,21.61,554.14,2388.09,9053.77,1.3,47.38,521.88,2388.08,8139.52,8.4282,0.03,392,2388,100,38.98,23.1519
165,-0.0032,-0.0004,100,518.67,642.36,1591.17,1401.25,14.62,21.61,553.25,2388.05,9064.31,1.3,47.43,521.49,2388.06,8137.59,8.4288,0.03,393,2388,100,38.84,23.3278
166,-0.0017,-0.0004,100,518.67,642.58,1590.96,1399.13,14.62,21.61,553.77,2388.04,9063.92,1.3,47.41,521.47,2388.03,8134.72,8.4164,0.03,393,2388,100,38.68,23.2966
167,-0.0027,0.0004,100,518.67,642.28,1581.27,1413,14.62,21.61,553.82,2388.06,9056.93,1.3,47.58,521.17,2388.09,8139.71,8.4401,0.03,393,2388,100,38.85,23.3718
168,-0.0006,-0.0004,100,518.67,642.32,1584.92,1401.03,14.62,21.61,553.42,2388.1,9057.47,1.3,47.56,521.4,2388.03,8143.47,8.4079,0.03,393,2388,100,38.86,23.3947
169,-0.0008,0.0002,100,518.67,642.41,1585.61,1400.9,14.62,21.61,553.25,2388.1,9060.19,1.3,47.51,521.85,2388.06,8142.02,8.4511,0.03,392,2388,100,39.01,23.2624
170,-0.0038,-0.0002,100,518.67,642.29,1582.07,1405.88,14.62,21.61,554.05,2388.05,9061.58,1.3,47.42,521.81,2388.09,8136.06,8.4019,0.03,394,2388,100,38.82,23.3343
171,0.0006,-0.0003,100,518.67,642.76,1591.34,1407.45,14.62,21.61,553.83,2388.09,9064.04,1.3,47.6,521.4,2388.1,8139.1,8.4403,0.03,393,2388,100,38.93,23.2422
172,0.0041,0.0004,100,518.67,643.29,1586.69,1408.81,14.62,21.61,553.56,2388.01,9067.98,1.3,47.62,522.16,2388.09,8133.68,8.4187,0.03,392,2388,100,39.03,23.2194
173,-0.0021,0.0001,100,518.67,641.98,1580.64,1413.89,14.62,21.61,553.7,2388.05,9059.73,1.3,47.55,521.71,2388.03,8131.62,8.4332,0.03,392,2388,100,38.7,23.335
174,-0.0017,0.0002,100,518.67,642.81,1591.47,1404.95,14.62,21.61,553.83,2388.06,9057.14,1.3,47.34,521.89,2388.1,8138.36,8.3995,0.03,394,2388,100,38.98,23.2556
175,-0.0006,-0.0001,100,518.67,642.48,1594.34,1400.93,14.62,21.61,554.57,2388.02,9058.3,1.3,47.4,521.84,2388.09,8136.22,8.4064,0.03,393,2388,100,38.96,23.3449
176,-0.0006,0.0003,100,518.67,642.72,1586.34,1410.49,14.62,21.61,552.87,2388.09,9057.56,1.3,47.49,522.12,2388.09,8140.52,8.4304,0.03,394,2388,100,39.07,23.2939
177,-0.0067,0.0002,100,518.67,642.93,1590.22,1404.51,14.62,21.61,554.13,2388.11,9073.87,1.3,47.44,521.71,2388.09,8141.83,8.3935,0.03,393,2388,100,38.83,23.4259
178,-0.0035,0.0003,100,518.67,642.36,1586.24,1410.05,14.62,21.61,554.46,2388.09,9054.18,1.3,47.59,521.87,2388.14,8141.79,8.4351,0.03,393,2388,100,38.79,23.3799
179,0.0019,-0.0001,100,518.67,642.79,1586.02,1406.63,14.62,21.61,553.59,2388.09,9054.26,1.3,47.51,521.73,2388.05,8145.59,8.4331,0.03,393,2388,100,38.91,23.3296
180,0.0029,0,100,518.67,642.73,1587.25,1405.21,14.62,21.61,553.72,2388.07,9061.63,1.3,47.42,521.63,2388.1,8143.42,8.4129,0.03,393,2388,100,38.75,23.365
181,0.0019,0,100,518.67,642.73,1589.07,1404.86,14.62,21.61,554,2388.09,9060.61,1.3,47.59,521.39,2388.13,8136.19,8.4084,0.03,392,2388,100,38.8,23.3663
182,0.0009,-0.0004,100,518.67,642.4,1589.78,1407.05,14.62,21.61,553.12,2388.08,9060.83,1.3,47.29,522.14,2388.07,8133.93,8.4335,0.03,393,2388,100,39.03,23.3038
183,0.0017,-0.0001,100,518.67,642.58,1589.58,1411.02,14.62,21.61,554.45,2388.11,9057.41,1.3,47.47,521.82,2388.14,8135.78,8.4152,0.03,393,2388,100,38.83,23.3566
184,-0.0016,0.0002,100,518.67,642.72,1584.7,1404.79,14.62,21.61,554.19,2388.1,9064.39,1.3,47.36,521.85,2388.09,8138.3,8.4312,0.03,393,2388,100,39.01,23.3585
185,0.0017,-0.0005,100,518.67,642.33,1580.72,1404.39,14.62,21.61,553.99,2388.12,9061.07,1.3,47.49,521.18,2388.06,8146.7,8.4405,0.03,394,2388,100,38.83,23.4062
186,-0.0002,-0.0001,100,518.67,642.35,1588.05,1404.29,14.62,21.61,554.19,2388.08,9056.96,1.3,47.44,521.36,2388.15,8141.93,8.4282,0.03,393,2388,100,38.88,23.3461
187,0.0032,0.0004,100,518.67,642.55,1594.73,1408.24,14.62,21.61,553.66,2388.03,9060.78,1.3,47.45,521.04,2388.12,8142.1,8.452,0.03,394,2388,100,38.99,23.2977
188,0.0003,0.0005,100,518.67,642.99,1592.52,1408.25,14.62,21.61,553.4,2388.06,9057.77,1.3,47.34,521.79,2388.1,8143.49,8.4284,0.03,395,2388,100,38.84,23.2455
189,-0.0011,0.0002,100,518.67,643.06,1586.8,1412.01,14.62,21.61,554.12,2388.07,9055.54,1.3,47.5,521.5,2388.06,8140.36,8.4388,0.03,393,2388,100,38.9,23.283
190,-0.0014,-0.0004,100,518.67,642.41,1589.14,1408.3,14.62,21.61,553.27,2388.09,9061.44,1.3,47.5,521.29,2388.05,8137.86,8.3895,0.03,391,2388,100,38.78,23.3642
191,0.0003,0.0005,100,518.67,643.01,1590.69,1399.54,14.62,21.61,553.42,2388.09,9067.96,1.3,47.55,521.6,2388.1,8142.5,8.4746,0.03,392,2388,100,38.95,23.2709
192,0,-0.0004,100,518.67,642.54,1590.74,1417.58,14.62,21.61,553.43,2388.12,9056.73,1.3,47.58,521.5,2388.13,8138.4,8.4482,0.03,393,2388,100,38.89,23.3725
193,0.0056,-0.0002,100,518.67,642.37,1584.5,1404.16,14.62,21.61,553.38,2388.09,9068.3,1.3,47.6,521.16,2388.09,8142.57,8.408,0.03,393,2388,100,38.71,23.4194
194,-0.0024,0.0001,100,518.67,642.48,1589.97,1405.74,14.62,21.61,553.67,2388.09,9057.1,1.3,47.51,521.52,2388.1,8139.46,8.4701,0.03,390,2388,100,38.72,23.2788
195,0.0045,0.0004,100,518.67,642.53,1581.85,1411.09,14.62,21.61,553.42,2388.1,9059.4,1.3,47.36,521.72,2388.04,8138.02,8.4077,0.03,393,2388,100,38.89,23.3483
196,-0.0001,0.0004,100,518.67,642.52,1583,1410.31,14.62,21.61,553.48,2388.05,9058.36,1.3,47.52,521.84,2388.07,8133.55,8.4325,0.03,392,2388,100,38.91,23.3371
197,-0.0033,0.0004,100,518.67,643.04,1590.52,1405.28,14.62,21.61,553.73,2388.12,9060.98,1.3,47.47,521.23,2388.1,8137.19,8.4257,0.03,393,2388,100,38.8,23.3436
198,0.0003,-0.0004,100,518.67,643.42,1589.05,1406.08,14.62,21.61,553.72,2388.12,9054,1.3,47.59,521.76,2388.13,8142.97,8.4789,0.03,395,2388,100,38.7,23.2793
199,-0.0015,0.0004,100,518.67,642.32,1590.5,1410.85,14.62,21.61,553.74,2388.11,9060.37,1.3,47.41,521.74,2388.08,8137.87,8.4371,0.03,394,2388,100,38.65,23.2833
200,-0.0022,-0.0003,100,518.67,642.36,1594.24,1411.26,14.62,21.61,553.71,2388.09,9059.77,1.3,47.44,521.23,2388.15,8138.35,8.4361,0.03,392,2388,100,38.83,23.3719
201,-0.0026,0.0003,100,518.67,642.11,1585.17,1411.1,14.62,21.61,554.21,2388.08,9062.36,1.3,47.43,522,2388.09,8140.08,8.4379,0.03,393,2388,100,38.97,23.1592
202,0.0011,0.0005,100,518.67,642.4,1589.09,1405.16,14.62,21.61,553.19,2388.08,9058.32,1.3,47.39,521.11,2388.09,8140.92,8.4433,0.03,393,2388,100,38.99,23.3581
203,0.0008,-0.0004,100,518.67,642.64,1590.68,1405.86,14.62,21.61,553.84,2388.09,9058.26,1.3,47.62,521.68,2388.1,8142.09,8.4446,0.03,393,2388,100,38.73,23.2357
204,0.002,0.0004,100,518.67,642.45,1590.63,1404.61,14.62,21.61,553.03,2388.11,9058.21,1.3,47.39,521.45,2388.1,8136.65,8.4173,0.03,394,2388,100,38.76,23.29
205,-0.0016,0.0001,100,518.67,642.66,1591.27,1398.64,14.62,21.61,552.91,2388.14,9063.49,1.3,47.45,521.8,2388.08,8140.2,8.417,0.03,394,2388,100,38.78,23.3015
206,-0.0014,0,100,518.67,642.11,1592.25,1406.51,14.62,21.61,553.69,2388.09,9062.32,1.3,47.37,522.12,2388.08,8138.66,8.4326,0.03,393,2388,100,38.83,23.4201
207,0.0008,-0.0003,100,518.67,642.93,1586.6,1414.13,14.62,21.61,552.94,2388.08,9055.54,1.3,47.46,521.42,2388.1,8138.15,8.4317,0.03,393,2388,100,38.96,23.3067
208,-0.0045,-0.0004,100,518.67,642.22,1595.37,1401.92,14.62,21.61,553.21,2388.15,9058.25,1.3,47.71,520.74,2388.1,8138.57,8.465,0.03,394,2388,100,38.94,23.3366
209,-0.0006,-0.0002,100,518.67,642.79,1585.13,1405.09,14.62,21.61,553.82,2388.1,9064.99,1.3,47.62,521.19,2388.08,8137.47,8.4505,0.03,393,2388,100,38.75,23.2816
210,-0.0012,0.0004,100,518.67,641.96,1592.77,1412.28,14.62,21.61,552.73,2388.06,9054.64,1.3,47.51,521.5,2388.08,8141.23,8.4207,0.03,395,2388,100,38.9,23.2935
211,-0.0054,0,100,518.67,642.34,1586.1,1411.83,14.62,21.61,553.42,2388.1,9059.54,1.3,47.56,521.65,2388.08,8137.9,8.4207,0.03,393,2388,100,38.86,23.2444
212,-0.002,-0.0002,100,518.67,642.56,1591.05,1407.28,14.62,21.61,553.53,2388.12,9058.19,1.3,47.57,521.39,2388.02,8141.21,8.4573,0.03,392,2388,100,38.83,23.1772
213,-0.0018,0.0002,100,518.67,642.62,1592.97,1413.59,14.62,21.61,553.37,2388.07,9061.76,1.3,47.48,521.89,2388.09,8138.8,8.4099,0.03,392,2388,100,38.73,23.3145
214,0.004,-0.0004,100,518.67,642.71,1596.93,1410.32,14.62,21.61,553.62,2388.11,9059.47,1.3,47.38,521.56,2388.1,8142.6,8.4249,0.03,392,2388,100,38.78,23.1653
215,0.0006,0,100,518.67,643.41,1592.08,1406.78,14.62,21.61,554.35,2388.09,9066.61,1.3,47.52,521.15,2388.19,8144.37,8.4344,0.03,394,2388,100,38.93,23.2589
216,-0.0018,-0.0003,100,518.67,643.03,1586.26,1412.69,14.62,21.61,553.51,2388.04,9064.46,1.3,47.41,521.74,2388.1,8138.1,8.4403,0.03,394,2388,100,38.79,23.3786
217,-0.0023,-0.0001,100,518.67,642.95,1587.59,1402.82,14.62,21.61,554.38,2388.12,9064.84,1.3,47.69,520.94,2388.12,8134.92,8.4358,0.03,395,2388,100,38.88,23.3194
218,0.0001,0,100,518.67,642.65,1595.54,1404.21,14.62,21.61,553.8,2388.08,9057.04,1.3,47.57,521.15,2388.1,8136.59,8.4205,0.03,393,2388,100,38.8,23.4098
219,-0.002,0.0005,100,518.67,642.43,1590.21,1403.66,14.62,21.61,553.22,2388.09,9057.76,1.3,47.54,521.67,2388.1,8139.79,8.417,0.03,393,2388,100,38.83,23.255
220,0.0011,0.0004,100,518.67,642.68,1593.69,1405.96,14.62,21.61,553.04,2388.11,9053.83,1.3,47.58,521.67,2388.12,8140.07,8.4244,0.03,392,2388,100,38.76,23.256
221,0.004,0.0004,100,518.67,642.5,1598.19,1413.78,14.62,21.61,553.99,2388.13,9060.82,1.3,47.46,521.2,2388.09,8136.46,8.4365,0.03,393,2388,100,38.81,23.3671
222,0.0054,-0.0001,100,518.67,642.42,1586.47,1399.52,14.62,21.61,552.81,2388.16,9065.32,1.3,47.48,521.71,2388.1,8138.35,8.4262,0.03,393,2388,100,38.82,23.3398
223,0.0001,-0.0003,100,518.67,643.53,1588.05,1402.8,14.62,21.61,552.81,2388.14,9060.12,1.3,47.56,520.66,2388.1,8133.36,8.4328,0.03,393,2388,100,38.89,23.2713
224,-0.001,0,100,518.67,642.71,1590.1,1398.4,14.62,21.61,553.33,2388.08,9060.88,1.3,47.44,521.12,2388.1,8140.54,8.4278,0.03,393,2388,100,38.95,23.3484
225,-0.001,0.0003,100,518.67,642.75,1589.34,1409.54,14.62,21.61,553.46,2388.11,9058.58,1.3,47.52,521.17,2388.1,8136.21,8.4323,0.03,392,2388,100,39.13,23.2948
226,0.0016,-0.0002,100,518.67,642.81,1589.05,1403.88,14.62,21.61,552.91,2388.12,9056.7,1.3,47.55,521.93,2388.11,8145.45,8.4436,0.03,392,2388,100,38.78,23.3362
227,-0.0021,0.0005,100,518.67,642.27,1585.04,1408.38,14.62,21.61,553.06,2388.07,9062.23,1.3,47.57,521.34,2388.12,8141.09,8.4225,0.03,392,2388,100,39.05,23.2655
228,-0.0018,-0.0001,100,518.67,642.22,1586.72,1411.47,14.62,21.61,553.77,2388.09,9057.73,1.3,47.43,520.71,2388.07,8137.2,8.427,0.03,394,2388,100,38.92,23.3789
229,-0.0003,-0.0003,100,518.67,642.48,1592.42,1414.32,14.62,21.61,553.04,2388.11,9061.86,1.3,47.61,521.8,2388.13,8140.37,8.4574,0.03,393,2388,100,38.8,23.3666
230,-0.0003,-0.0005,100,518.67,642.56,1591.18,1404,14.62,21.61,553.31,2388.09,9060.88,1.3,47.49,522.18,2388.05,8134.19,8.449,0.03,392,2388,100,38.78,23.3486
231,-0.0035,-0.0004,100,518.67,642.87,1594.94,1416.59,14.62,21.61,553.37,2388.09,9057.56,1.3,47.65,521.17,2388.08,8133.77,8.4451,0.03,393,2388,100,38.55,23.2866
232,-0.0006,-0.0002,100,518.67,642.92,1589.88,1403.38,14.62,21.61,553.66,2388.12,9059.72,1.3,47.54,521.55,2388.11,8135.2,8.4359,0.03,392,2388,100,38.76,23.2917
233,0.0013,0.0002,100,518.67,642.58,1588.64,1414.12,14.62,21.61,553.65,2388.13,9061.74,1.3,47.62,521.17,2388.11,8138.87,8.41,0.03,392,2388,100,38.77,23.2885
234,0.0007,0.0001,100,518.67,641.98,1589.61,1417.7,14.62,21.61,553.1,2388.12,9058.65,1.3,47.66,521.84,2388.1,8139.82,8.4399,0.03,393,2388,100,38.75,23.3461
235,-0.0009,-0.0003,100,518.67,642.79,1595.12,1411.79,14.62,21.61,553.74,2388.14,9060.02,1.3,47.41,521.62,2388.09,8135.58,8.4551,0.03,393,2388,100,38.65,23.0768
236,0.0009,0.0002,100,518.67,643.06,1590.61,1410.52,14.62,21.61,553.59,2388.12,9055.45,1.3,47.39,521.28,2388.12,8140.52,8.4341,0.03,392,2388,100,38.82,23.3892
237,-0.0045,0.0002,100,518.67,642.35,1585.43,1415.45,14.62,21.61,553.06,2388.11,9062.26,1.3,47.69,521.36,2388.08,8133.31,8.4308,0.03,391,2388,100,38.81,23.3268
238,-0.002,0.0004,100,518.67,642.23,1589.67,1407.89,14.62,21.61,553.43,2388.1,9062.04,1.3,47.54,521.38,2388.11,8138.2,8.4211,0.03,392,2388,100,38.9,23.3657
239,-0.0016,0.0005,100,518.67,643.18,1581.22,1406.81,14.62,21.61,552.88,2388.11,9063.76,1.3,47.59,521.26,2388.09,8138.4,8.4704,0.03,391,2388,100,38.77,23.2965
240,-0.0011,0.0003,100,518.67,642.98,1592.27,1414.69,14.62,21.61,552.91,2388.14,9061.96,1.3,47.72,522,2388.1,8140.53,8.4928,0.03,393,2388,100,38.76,23.247
241,-0.0008,-0.0004,100,518.67,643.02,1594.17,1408.21,14.62,21.61,553.16,2388.11,9060.72,1.3,47.68,521.56,2388.13,8136.94,8.4609,0.03,392,2388,100,38.91,23.2709
242,0.005,0.0004,100,518.67,642.74,1589.7,1411.08,14.62,21.61,553.33,2388.11,9054.18,1.3,47.57,521.37,2388.15,8138.45,8.4639,0.03,393,2388,100,38.61,23.3315
243,0.0033,0.0005,100,518.67,642.31,1588.43,1408.73,14.62,21.61,553.39,2388.08,9060.8,1.3,47.49,521.15,2388.12,8139.52,8.456,0.03,392,2388,100,38.77,23.1342
244,-0.0009,0.0005,100,518.67,643.11,1587.59,1411.38,14.62,21.61,553.17,2388.15,9058.03,1.3,47.5,521.69,2388.06,8139.78,8.4233,0.03,392,2388,100,38.71,23.3112
245,-0.0001,0,100,518.67,642.34,1584.83,1408.43,14.62,21.61,553.51,2388.11,9057.66,1.3,47.55,521.29,2388.11,8132.6,8.4538,0.03,394,2388,100,38.83,23.2002
246,0.0024,0.0002,100,518.67,643.14,1592.93,1412.71,14.62,21.61,552.57,2388.17,9063.7,1.3,47.51,521.96,2388.15,8139.81,8.4663,0.03,395,2388,100,38.81,23.2853
247,-0.0015,-0.0002,100,518.67,642.61,1592.12,1409.07,14.62,21.61,553.32,2388.11,9052.05,1.3,47.56,521.09,2388.13,8132.31,8.4327,0.03,394,2388,100,38.67,23.2619
248,-0.0018,0.0005,100,518.67,642.73,1591.72,1416.02,14.62,21.61,553.61,2388.11,9058.55,1.3,47.63,521.42,2388.09,8142.71,8.4378,0.03,393,2388,100,38.87,23.3237
249,-0.0007,0.0003,100,518.67,642.47,1596.07,1412.61,14.62,21.61,553.66,2388.08,9061.25,1.3,47.55,520.73,2388.1,8137.53,8.4117,0.03,392,2388,100,38.84,23.3233
250,0.0023,-0.0002,100,518.67,642.52,1589.89,1410.27,14.62,21.61,553.91,2388.12,9059.02,1.3,47.71,521.26,2388.08,8140.06,8.4307,0.03,393,2388,100,38.68,23.2461
251,0.0016,0.0003,100,518.67,642.33,1592.05,1410.23,14.62,21.61,553.41,2388.09,9059.4,1.3,47.35,520.61,2388.1,8135.89,8.495,0.03,392,2388,100,38.96,23.1695
252,0.0007,-0.0001,100,518.67,643.18,1594.4,1406.82,14.62,21.61,553.54,2388.06,9056.35,1.3,47.53,520.49,2388.14,8137.45,8.4417,0.03,394,2388,100,38.62,23.235
253,-0.0008,0.0003,100,518.67,643.12,1592.17,1410.92,14.62,21.61,553.01,2388.15,9058.43,1.3,47.58,521.15,2388.11,8138.2,8.4807,0.03,395,2388,100,38.84,23.271
254,0.0024,0.0003,100,518.67,642.95,1591.72,1416.17,14.62,21.61,552.84,2388.12,9063.93,1.3,47.5,520.94,2388.13,8139.93,8.4403,0.03,394,2388,100,38.77,23.2698
255,0.005,0.0002,100,518.67,642.37,1587.85,1420.35,14.62,21.61,552.86,2388.07,9063.92,1.3,47.55,521.57,2388.06,8131.61,8.4992,0.03,395,2388,100,38.78,23.3193
256,-0.0009,0.0002,100,518.67,642.7,1589.31,1414.76,14.62,21.61,553.42,2388.11,9061.47,1.3,47.82,521.66,2388.13,8139.57,8.4537,0.03,394,2388,100,38.76,23.2914
257,-0.0022,-0.0001,100,518.67,643.26,1589.79,1412.35,14.62,21.61,552.61,2388.16,9053.88,1.3,47.65,521.26,2388.11,8133.35,8.4723,0.03,393,2388,100,38.77,23.2221
258,-0.0019,-0.0001,100,518.67,642.72,1589.38,1419.15,14.62,21.61,554.01,2388.13,9060.94,1.3,47.6,521.2,2388.15,8141.03,8.4715,0.03,394,2388,100,38.83,23.2437
259,0.002,-0.0003,100,518.67,642.33,1590.4,1418.05,14.62,21.61,552.6,2388.12,9053.82,1.3,47.59,520.31,2388.16,8136.45,8.4675,0.03,394,2388,100,38.78,23.2203
260,0.0039,-0.0003,100,518.67,642.32,1588.34,1413.35,14.62,21.61,553.39,2388.09,9057.4,1.3,47.69,521.07,2388.14,8136.38,8.4394,0.03,394,2388,100,38.57,23.3901
261,0.0002,-0.0002,100,518.67,642.55,1587.98,1409.19,14.62,21.61,553.46,2388.12,9068.19,1.3,47.44,521.74,2388.18,8133.52,8.443,0.03,393,2388,100,38.61,23.198
262,-0.0014,-0.0001,100,518.67,642.48,1589.2,1416.58,14.62,21.61,552.9,2388.15,9061.6,1.3,47.51,521.52,2388.15,8142.83,8.4351,0.03,394,2388,100,38.7,23.2629
263,-0.0017,-0.0002,100,518.67,642.7,1590.85,1405.98,14.62,21.61,552.91,2388.14,9057.04,1.3,47.69,521.52,2388.16,8136.82,8.4744,0.03,394,2388,100,38.92,23.2025
264,-0.0019,-0.0004,100,518.67,642.98,1591.98,1414.06,14.62,21.61,553.76,2388.17,9062.05,1.3,47.78,520.71,2388.12,8140.25,8.4589,0.03,392,2388,100,38.74,23.2364
265,-0.0025,0.0005,100,518.67,642.93,1590.06,1414.15,14.62,21.61,552.48,2388.12,9064.72,1.3,47.73,521.24,2388.14,8136.75,8.4309,0.03,393,2388,100,38.74,23.3176
266,0.0009,0.0004,100,518.67,643.25,1591.95,1409.95,14.62,21.61,553.24,2388.09,9060.73,1.3,47.82,521.68,2388.15,8136.94,8.4504,0.03,393,2388,100,38.88,23.3357
267,-0.0004,0.0004,100,518.67,642.95,1594.27,1415.54,14.62,21.61,552.85,2388.2,9054.96,1.3,47.69,521.14,2388.17,8133.44,8.4612,0.03,393,2388,100,38.77,23.243
268,-0.0004,0.0001,100,518.67,643.11,1591.97,1404.21,14.62,21.61,553.04,2388.1,9067.07,1.3,47.62,520.92,2388.14,8137.64,8.474,0.03,393,2388,100,38.7,23.3324
269,0.0039,0.0001,100,518.67,642.85,1589.58,1410.36,14.62,21.61,553.43,2388.14,9066.16,1.3,47.6,521.31,2388.14,8142.85,8.4442,0.03,393,2388,100,38.58,23.2596
270,0.0048,0.0001,100,518.67,642.74,1596.66,1413.2,14.62,21.61,551.88,2388.14,9055.72,1.3,47.51,520.92,2388.12,8133.16,8.4631,0.03,395,2388,100,38.66,23.1488
271,-0.0009,-0.0002,100,518.67,642.75,1599.68,1409.69,14.62,21.61,552.63,2388.12,9054.35,1.3,47.53,520.86,2388.17,8130.84,8.4516,0.03,392,2388,100,38.6,23.2817
272,-0.0016,0.0004,100,518.67,643.02,1592.28,1420.53,14.62,21.61,552.87,2388.18,9064.04,1.3,47.84,520.9,2388.17,8138.38,8.4329,0.03,393,2388,100,38.7,23.3502
273,0.0006,-0.0002,100,518.67,642.67,1595.9,1412.36,14.62,21.61,553.56,2388.08,9060.88,1.3,47.56,521.03,2388.14,8137.43,8.4907,0.03,393,2388,100,38.68,23.2731
274,-0.0013,0.0002,100,518.67,642.52,1600.44,1411.3,14.62,21.61,552.28,2388.16,9051.55,1.3,47.65,520.49,2388.18,8136.55,8.4082,0.03,394,2388,100,38.93,23.3377
275,-0.0014,-0.0004,100,518.67,643.52,1587.82,1408.05,14.62,21.61,552.55,2388.13,9058.76,1.3,47.82,521.2,2388.14,8137.13,8.4688,0.03,393,2388,100,38.64,23.286
276,0.0015,0.0003,100,518.67,642.5,1594.59,1413.63,14.62,21.61,553.37,2388.16,9054.96,1.3,47.77,520.57,2388.17,8141.67,8.4285,0.03,395,2388,100,38.46,23.277
277,-0.0047,0.0001,100,518.67,643.17,1598.01,1418.37,14.62,21.61,553.52,2388.14,9059.68,1.3,47.92,520.73,2388.11,8139.72,8.4511,0.03,395,2388,100,38.69,23.314
278,-0.0053,0,100,518.67,642.47,1587.57,1412.32,14.62,21.61,552.3,2388.16,9055.99,1.3,47.65,520.82,2388.13,8137.09,8.4519,0.03,395,2388,100,38.78,23.3003
279,-0.0002,0.0002,100,518.67,643.18,1594.44,1423.04,14.62,21.61,553.04,2388.1,9052.98,1.3,47.73,520.93,2388.15,8135.56,8.4807,0.03,394,2388,100,38.81,23.2965
280,0.0015,0.0003,100,518.67,642.86,1596.39,1414.99,14.62,21.61,552.9,2388.15,9054.87,1.3,47.76,521.33,2388.12,8129.74,8.4591,0.03,393,2388,100,38.95,23.2538
281,-0.0008,0.0004,100,518.67,642.79,1590.53,1410.25,14.62,21.61,552.84,2388.12,9054.69,1.3,47.7,520.85,2388.14,8137.83,8.45,0.03,394,2388,100,38.77,23.2109
282,0.0009,0.0005,100,518.67,643.01,1589.02,1413.74,14.62,21.61,553.31,2388.17,9061.8,1.3,47.85,520.94,2388.12,8127.35,8.4242,0.03,395,2388,100,38.81,23.3019
283,0.0023,0.0001,100,518.67,642.79,1588.62,1419.46,14.62,21.61,553.05,2388.15,9054.5,1.3,47.53,521.15,2388.17,8136.91,8.4786,0.03,394,2388,100,38.66,23.2786
284,0.0022,-0.0003,100,518.67,643.24,1591.6,1422.47,14.62,21.61,552.82,2388.09,9056.96,1.3,47.67,521.21,2388.17,8136.03,8.4846,0.03,393,2388,100,38.81,23.2393
285,-0.0003,0.0004,100,518.67,642.97,1596.03,1419.53,14.62,21.61,552.52,2388.18,9056.69,1.3,47.71,520.74,2388.2,8133.16,8.4478,0.03,393,2388,100,38.68,23.3086
286,0.0027,0,100,518.67,642.95,1599.22,1417.14,14.62,21.61,553.18,2388.15,9062.96,1.3,47.66,520.43,2388.18,8132.98,8.4842,0.03,394,2388,100,38.78,23.2925
287,0.0011,0.0003,100,518.67,642.87,1598.24,1415.16,14.62,21.61,553.36,2388.15,9053.34,1.3,47.93,519.97,2388.14,8133.99,8.4412,0.03,394,2388,100,38.84,23.2688
288,0.0074,0.0002,100,518.67,643.29,1594.47,1415.36,14.62,21.61,552.61,2388.14,9065.16,1.3,47.77,521.01,2388.19,8132.56,8.5204,0.03,395,2388,100,38.58,23.2277
289,-0.0014,-0.0001,100,518.67,642.48,1591.49,1416.28,14.62,21.61,553.29,2388.11,9057.55,1.3,47.54,520.71,2388.15,8130.56,8.4815,0.03,393,2388,100,38.68,23.2397
290,-0.0009,0.0005,100,518.67,643.08,1591.32,1414.42,14.62,21.61,552.88,2388.13,9055.9,1.3,47.57,520.8,2388.16,8139.26,8.4251,0.03,395,2388,100,38.67,23.1954
291,-0.0031,0,100,518.67,643.35,1587.86,1410.72,14.62,21.61,552.4,2388.12,9066.84,1.3,47.97,521.14,2388.16,8136.83,8.5041,0.03,395,2388,100,38.75,23.1855
292,0.0023,0.0004,100,518.67,642.88,1591.47,1414.13,14.62,21.61,552.84,2388.18,9060.38,1.3,47.94,520.61,2388.16,8133.37,8.4937,0.03,392,2388,100,38.64,23.2471
293,0.0004,0,100,518.67,643.2,1596.1,1419.82,14.62,21.61,552.53,2388.19,9062.31,1.3,47.8,521.53,2388.11,8138.41,8.4634,0.03,395,2388,100,38.69,23.2599
294,0.0005,-0.0002,100,518.67,642.83,1590.05,1421.63,14.62,21.61,551.75,2388.18,9055.71,1.3,47.82,520.79,2388.2,8135.49,8.468,0.03,394,2388,100,38.47,23.1765
295,0.0026,0.0004,100,518.67,642.99,1594.49,1418.43,14.62,21.61,552.2,2388.11,9063.23,1.3,47.77,520.82,2388.16,8138.47,8.4499,0.03,394,2388,100,38.95,23.1465
296,0.0028,0.0004,100,518.67,642.58,1595.72,1416.09,14.62,21.61,551.89,2388.16,9064.71,1.3,47.6,520.39,2388.2,8136.22,8.4666,0.03,395,2388,100,38.69,23.2406
297,-0.0011,0,100,518.67,643.2,1599.98,1411.91,14.62,21.61,552.74,2388.16,9059.59,1.3,47.72,520.52,2388.2,8137.7,8.4373,0.03,394,2388,100,38.69,23.268
298,0.0014,-0.0004,100,518.67,643,1594.5,1411.95,14.62,21.61,552.42,2388.2,9067.58,1.3,47.81,520.18,2388.15,8130.5,8.4716,0.03,394,2388,100,38.77,23.2359
299,0.0021,0.0004,100,518.67,642.7,1597.84,1411.96,14.62,21.61,552.27,2388.19,9059.08,1.3,47.77,520.74,2388.16,8137.73,8.5009,0.03,393,2388,100,38.51,23.0842
300,0.0014,-0.0004,100,518.67,643.19,1590.34,1423.67,14.62,21.61,552.74,2388.19,9057.01,1.3,47.65,520.55,2388.14,8137.03,8.4638,0.03,395,2388,100,38.67,23.2047
301,-0.0017,0.0001,100,518.67,642.89,1592.73,1413.19,14.62,21.61,552.29,2388.19,9056.62,1.3,47.79,521.11,2388.17,8139.74,8.4776,0.03,393,2388,100,38.66,23.256
302,0.0009,0.0001,100,518.67,642.92,1602.26,1415.1,14.62,21.61,552.27,2388.22,9055.55,1.3,47.96,520.93,2388.14,8129.69,8.4525,0.03,394,2388,100,38.59,23.2222
303,0.0013,-0.0002,100,518.67,643.41,1598.23,1415.44,14.62,21.61,552.35,2388.16,9057.84,1.3,47.74,520.7,2388.21,8135.87,8.4842,0.03,396,2388,100,38.66,23.2698
304,-0.0011,-0.0002,100,518.67,642.98,1594.42,1420.09,14.62,21.61,551.97,2388.17,9056.32,1.3,47.71,521.03,2388.17,8137.34,8.4851,0.03,395,2388,100,38.7,23.1334
305,-0.0043,0,100,518.67,642.72,1594.9,1413.84,14.62,21.61,552.85,2388.2,9056.2,1.3,47.66,520.27,2388.15,8138.52,8.471,0.03,394,2388,100,38.9,23.1881
306,-0.0028,-0.0004,100,518.67,642.81,1595.53,1422.08,14.62,21.61,552.04,2388.18,9063.73,1.3,47.78,520.48,2388.19,8137.07,8.4567,0.03,395,2388,100,38.76,23.1381
307,-0.0038,-0.0002,100,518.67,642.4,1593.46,1412.92,14.62,21.61,552.9,2388.18,9063.79,1.3,47.78,521.11,2388.21,8138.92,8.4455,0.03,394,2388,100,38.63,23.1885
308,0.0047,0.0005,100,518.67,643.09,1596.09,1424.03,14.62,21.61,552.74,2388.22,9062.43,1.3,47.75,520.81,2388.14,8137.62,8.4338,0.03,394,2388,100,38.63,23.1685
309,0.0011,-0.0003,100,518.67,643.23,1593.02,1424.59,14.62,21.61,552.13,2388.17,9058.15,1.3,47.8,520.4,2388.14,8135.64,8.4759,0.03,394,2388,100,38.61,23.1986
310,-0.0019,0.0002,100,518.67,643.2,1588.64,1413.82,14.62,21.61,552.72,2388.13,9063.86,1.3,47.82,520.78,2388.23,8136.18,8.4977,0.03,393,2388,100,38.71,23.109
311,0.0021,-0.0001,100,518.67,643.08,1602.82,1417.41,14.62,21.61,552.62,2388.18,9056.16,1.3,47.85,520.15,2388.21,8134.99,8.4551,0.03,394,2388,100,38.69,23.2569
312,0.003,-0.0004,100,518.67,643.8,1597.02,1418.39,14.62,21.61,551.97,2388.19,9057.76,1.3,47.94,520.06,2388.18,8132.42,8.4981,0.03,395,2388,100,38.44,23.1333
313,0.0003,-0.0004,100,518.67,643.07,1602.16,1415.37,14.62,21.61,552.28,2388.16,9056.99,1.3,47.89,520.82,2388.19,8134.18,8.5059,0.03,397,2388,100,38.74,23.0978
314,-0.005,0.0005,100,518.67,643.05,1595.21,1413.3,14.62,21.61,552.05,2388.16,9055.56,1.3,47.86,520.74,2388.19,8132.48,8.4518,0.03,396,2388,100,38.39,23.1191
315,-0.001,0.0003,100,518.67,643.4,1589.26,1424.92,14.62,21.61,551.8,2388.21,9059.47,1.3,48.03,520.32,2388.21,8134.5,8.4753,0.03,396,2388,100,38.63,23.2057
316,0.0004,0.0005,100,518.67,643.12,1590.91,1427.92,14.62,21.61,553.08,2388.17,9063.18,1.3,47.86,520.29,2388.22,8133.84,8.4529,0.03,394,2388,100,38.64,23.1094
317,0.0009,-0.0004,100,518.67,642.69,1597.26,1414.16,14.62,21.61,552.52,2388.22,9058.78,1.3,47.77,520.29,2388.16,8133.06,8.5107,0.03,395,2388,100,38.82,23.1902
318,-0.0014,-0.0003,100,518.67,643.25,1595.83,1423.28,14.62,21.61,552.13,2388.19,9056.97,1.3,47.8,520.36,2388.16,8132.53,8.4785,0.03,395,2388,100,38.71,23.217
319,0.0003,-0.0004,100,518.67,642.96,1589.9,1421.58,14.62,21.61,551.65,2388.19,9053.25,1.3,47.78,520.19,2388.23,8132.2,8.4892,0.03,394,2388,100,38.56,23.1607
320,-0.0008,0.0004,100,518.67,642.88,1590.42,1424.72,14.62,21.61,552.07,2388.25,9058.56,1.3,47.8,520.85,2388.23,8131.28,8.4977,0.03,396,2388,100,38.59,23.1286
321,0.0019,0,100,518.67,643.15,1596.85,1417.1,14.62,21.61,551.76,2388.2,9058.79,1.3,47.95,520.35,2388.18,8136.37,8.475,0.03,395,2388,100,38.36,23.1633
322,0.0015,0.0002,100,518.67,642.8,1594.64,1418.6,14.62,21.61,551.95,2388.18,9047.71,1.3,48.16,520.31,2388.2,8132.64,8.5135,0.03,395,2388,100,38.67,23.178
323,-0.0007,0.0002,100,518.67,643.62,1594.96,1424.02,14.62,21.61,551.92,2388.26,9054.97,1.3,47.95,520.7,2388.17,8134.63,8.5086,0.03,395,2388,100,38.66,23.1136
324,0.0024,0.0005,100,518.67,643.53,1601.73,1418.32,14.62,21.61,551.91,2388.23,9057.5,1.3,48,520.19,2388.25,8131.95,8.481,0.03,395,2388,100,38.52,23.1942
325,-0.0006,-0.0002,100,518.67,643.22,1590.55,1417.65,14.62,21.61,552.11,2388.16,9061.77,1.3,47.84,520.46,2388.19,8135.71,8.5068,0.03,396,2388,100,38.63,23.2539
326,0.0004,-0.0003,100,518.67,643.35,1593.28,1421.79,14.62,21.61,551.84,2388.25,9058.01,1.3,47.9,520.54,2388.25,8134.76,8.5149,0.03,397,2388,100,38.57,23.1198
327,0.0033,0.0002,100,518.67,643.01,1600.45,1424.25,14.62,21.61,552.3,2388.2,9063.22,1.3,47.87,520.13,2388.21,8129.9,8.4909,0.03,394,2388,100,38.5,23.1358
328,0.0004,-0.0001,100,518.67,643.38,1597.37,1425.58,14.62,21.61,552.46,2388.18,9060.35,1.3,47.84,519.99,2388.16,8135.29,8.4578,0.03,395,2388,100,38.62,23.0971
329,0.0022,-0.0001,100,518.67,643.1,1598.81,1426.96,14.62,21.61,551.79,2388.18,9056.36,1.3,48.04,520.5,2388.2,8135.63,8.5046,0.03,393,2388,100,38.53,23.1994
330,0.001,0.0003,100,518.67,643.34,1599.07,1428.11,14.62,21.61,551.86,2388.23,9064.14,1.3,47.81,520.08,2388.24,8137.72,8.5013,0.03,396,2388,100,38.52,23.2652
331,-0.0014,0.0005,100,518.67,643.28,1591.95,1431.51,14.62,21.61,552.15,2388.2,9064.84,1.3,47.89,520.63,2388.22,8133.73,8.4914,0.03,393,2388,100,38.62,23.128
332,0.0017,0.0004,100,518.67,643.25,1602.31,1425.43,14.62,21.61,551.19,2388.22,9052.3,1.3,47.98,520.17,2388.18,8133.4,8.4862,0.03,395,2388,100,38.54,23.0229
333,0.0029,0.0003,100,518.67,642.84,1592.72,1423.86,14.62,21.61,551.7,2388.22,9060.89,1.3,48.06,520.14,2388.21,8136.27,8.4899,0.03,396,2388,100,38.56,23.0886
334,0.0029,0.0002,100,518.67,644.16,1602.95,1423.27,14.62,21.61,552.1,2388.2,9045.19,1.3,48.06,519.8,2388.25,8132.1,8.4869,0.03,395,2388,100,38.52,23.1171
335,0,0.0003,100,518.67,643.17,1592.32,1421.65,14.62,21.61,551.66,2388.23,9062.78,1.3,47.94,520.47,2388.22,8135.78,8.4707,0.03,396,2388,100,38.64,23.2003
336,0.0013,-0.0003,100,518.67,644.19,1604.62,1427.29,14.62,21.61,551.7,2388.26,9051.64,1.3,47.97,520.64,2388.21,8129.35,8.5022,0.03,395,2388,100,38.68,23.1434
337,-0.0054,-0.0004,100,518.67,643.85,1597.91,1422.25,14.62,21.61,552.13,2388.27,9058.21,1.3,47.9,520.2,2388.22,8133.44,8.4705,0.03,394,2388,100,38.44,23.2252
338,0.0022,0.0002,100,518.67,643.59,1599.31,1423.03,14.62,21.61,552.64,2388.25,9058.88,1.3,48.08,519.55,2388.22,8130.13,8.4991,0.03,395,2388,100,38.42,23.0883
339,0,-0.0004,100,518.67,643.77,1589.96,1419.72,14.62,21.61,552.35,2388.27,9052.69,1.3,48.02,520.44,2388.24,8136.71,8.4823,0.03,395,2388,100,38.34,23.128
340,-0.0047,-0.0001,100,518.67,643.45,1589.69,1422.42,14.62,21.61,551.01,2388.26,9059.05,1.3,48.16,519.87,2388.33,8128.67,8.4924,0.03,397,2388,100,38.49,23.0744
341,-0.0006,-0.0003,100,518.67,643.11,1599.62,1416.4,14.62,21.61,551.9,2388.22,9054.92,1.3,48.27,519.99,2388.27,8135.79,8.5267,0.03,395,2388,100,38.47,23.0902
342,-0.0012,-0.0003,100,518.67,642.68,1597.54,1423.81,14.62,21.61,551.05,2388.22,9064.75,1.3,48.23,519.71,2388.22,8130.43,8.5047,0.03,395,2388,100,38.46,23.1672
343,-0.0012,0.0005,100,518.67,644.11,1604.22,1424.69,14.62,21.61,551.72,2388.24,9060.21,1.3,47.89,519.92,2388.21,8131.95,8.4996,0.03,396,2388,100,38.66,23.0685
344,-0.0031,0.0003,100,518.67,643.52,1596.48,1422.5,14.62,21.61,551.89,2388.2,9051.62,1.3,48.09,520.02,2388.27,8129.23,8.5404,0.03,396,2388,100,38.54,23.0243
345,0.0003,0.0002,100,518.67,643.97,1607.97,1426.21,14.62,21.61,551.35,2388.28,9059.46,1.3,48.08,519.47,2388.2,8128.13,8.5109,0.03,397,2388,100,38.59,23.1089
346,0.0022,0,100,518.67,643.91,1598.91,1427.02,14.62,21.61,551.71,2388.22,9051.77,1.3,47.91,519.92,2388.22,8130.69,8.5419,0.03,396,2388,100,38.43,23.1419
347,-0.0031,0.0002,100,518.67,643.71,1602.48,1431.4,14.62,21.61,551.77,2388.22,9062.12,1.3,48.11,520.15,2388.22,8129.63,8.5209,0.03,394,2388,100,38.65,23.0814
348,0.0006,-0.0003,100,518.67,643.45,1599.49,1427.13,14.62,21.61,551.18,2388.29,9045.07,1.3,48.23,520.11,2388.24,8132.81,8.5353,0.03,395,2388,100,38.45,23.1088
349,-0.0001,0.0004,100,518.67,643.34,1594.56,1428.26,14.62,21.61,551.64,2388.25,9060.96,1.3,47.95,520.02,2388.23,8132.11,8.5139,0.03,396,2388,100,38.43,23.1692
350,0.0023,0.0005,100,518.67,643.64,1601.57,1422.02,14.62,21.61,551.05,2388.27,9055.54,1.3,48.1,519.95,2388.26,8133.12,8.5011,0.03,395,2388,100,38.34,23.0312
351,-0.0013,0,100,518.67,643.18,1595.07,1433.34,14.62,21.61,551.12,2388.26,9052,1.3,48.25,519.75,2388.26,8134.02,8.5193,0.03,396,2388,100,38.42,23.1454
352,-0.0025,-0.0001,100,518.67,643.59,1593.9,1422.75,14.62,21.61,551.98,2388.29,9058.81,1.3,48.04,519.2,2388.26,8125.82,8.5017,0.03,396,2388,100,38.6,23.1241
353,0.0028,-0.0001,100,518.67,643.73,1598.88,1425.36,14.62,21.61,551.97,2388.25,9056.35,1.3,47.93,519.74,2388.27,8135.64,8.538,0.03,396,2388,100,38.44,23.1361
354,0.0015,0.0001,100,518.67,643.66,1606.28,1430.15,14.62,21.61,550.34,2388.25,9057.35,1.3,48.16,519.84,2388.21,8134.22,8.5193,0.03,394,2388,100,38.3,23.0443
355,0.0011,0.0002,100,518.67,643.34,1593.05,1425.27,14.62,21.61,551.62,2388.24,9055.71,1.3,48.24,519.99,2388.25,8132.12,8.5279,0.03,395,2388,100,38.5,22.9635
356,0.0021,0,100,518.67,643.19,1605.11,1428.43,14.62,21.61,551.02,2388.25,9056.07,1.3,48.12,519.85,2388.27,8133.55,8.5208,0.03,396,2388,100,38.43,23.0768
357,0.0006,0.0002,100,518.67,643.86,1601.8,1428.18,14.62,21.61,550.53,2388.25,9062.01,1.3,48.3,519.58,2388.26,8128.06,8.5572,0.03,396,2388,100,38.56,23.1233
358,0.004,-0.0002,100,518.67,643.74,1609.53,1428.26,14.62,21.61,551.6,2388.2,9053.75,1.3,48.28,520.31,2388.26,8129.59,8.546,0.03,397,2388,100,38.53,23.0549
359,0.0013,0.0003,100,518.67,643.46,1603.83,1429.82,14.62,21.61,551.62,2388.28,9056.81,1.3,48.13,519.86,2388.27,8131.2,8.5116,0.03,396,2388,100,38.28,23.061
360,0.0004,-0.0001,100,518.67,643.97,1597.75,1428.85,14.62,21.61,551.32,2388.31,9058.88,1.3,48.14,518.69,2388.26,8126.63,8.5059,0.03,396,2388,100,38.47,23.0422
361,0.0016,-0.0002,100,518.67,643.65,1603.5,1433.95,14.62,21.61,551.13,2388.29,9055.52,1.3,48.09,520.48,2388.32,8132.97,8.527,0.03,396,2388,100,38.52,23.1208
362,0.0007,0,100,518.67,643.75,1598.16,1428.28,14.62,21.61,551.55,2388.31,9054.19,1.3,48.02,519.12,2388.33,8124.27,8.5126,0.03,397,2388,100,38.42,22.9782