/*=============================================================
  03 — Load Structured Data
  ~440 rows across 5 structured tables (Supply & Inventory Domain)
  NOTE: SHIPMENTS and STORE_SALES excluded — supplementary CSV data
=============================================================*/

USE DATABASE SUPPLY_CHAIN_DEMO;
USE SCHEMA PUBLIC;
USE WAREHOUSE SUPPLY_CHAIN_WH;

-- ============================================================
-- SUPPLIERS (20 rows) — 4 low-reliability: IDs 4, 7, 13, 17
-- ============================================================

INSERT INTO SUPPLIERS (SUPPLIER_ID, SUPPLIER_NAME, CONTACT_NAME, COUNTRY, REGION, LEAD_TIME_DAYS, RELIABILITY_SCORE, CONTRACT_START, CONTRACT_END, PAYMENT_TERMS) VALUES
(1,  'Pacific Coast Materials',    'James Chen',       'USA',        'North America', 5,  0.95, '2024-01-01', '2026-12-31', 'Net 30'),
(2,  'Rhine Valley Components',    'Klaus Mueller',    'Germany',    'Europe',        12, 0.92, '2024-03-01', '2026-03-01', 'Net 45'),
(3,  'Tokyo Precision Parts',      'Yuki Tanaka',      'Japan',      'Asia Pacific',  14, 0.91, '2024-02-15', '2026-08-15', 'Net 30'),
(4,  'Shenzhen Fast Supply',       'Wei Zhang',        'China',      'Asia Pacific',  18, 0.58, '2024-06-01', '2025-12-01', 'Net 60'),
(5,  'Great Lakes Industrial',     'Sarah Johnson',    'USA',        'North America', 4,  0.97, '2024-01-15', '2027-01-15', 'Net 30'),
(6,  'Maple Leaf Logistics',       'Pierre Dubois',    'Canada',     'North America', 6,  0.89, '2024-04-01', '2026-04-01', 'Net 30'),
(7,  'Mumbai Trade Co',            'Raj Patel',        'India',      'Asia Pacific',  20, 0.62, '2024-05-01', '2025-11-01', 'Net 45'),
(8,  'Nordic Supply AB',           'Erik Johansson',   'Sweden',     'Europe',        10, 0.93, '2024-02-01', '2026-12-31', 'Net 30'),
(9,  'Sao Paulo Materials',        'Ana Silva',        'Brazil',     'South America', 16, 0.84, '2024-07-01', '2026-07-01', 'Net 60'),
(10, 'Sydney Wholesale Group',     'Michael Brown',    'Australia',  'Asia Pacific',  15, 0.88, '2024-03-15', '2026-09-15', 'Net 45'),
(11, 'Milan Fashion Materials',    'Lucia Rossi',      'Italy',      'Europe',        11, 0.90, '2024-01-01', '2026-06-30', 'Net 30'),
(12, 'Texas Steel Works',          'Robert Williams',  'USA',        'North America', 3,  0.96, '2024-02-01', '2027-02-01', 'Net 30'),
(13, 'Guangzhou Quick Parts',      'Li Ming',          'China',      'Asia Pacific',  19, 0.55, '2024-08-01', '2025-08-01', 'Net 60'),
(14, 'London Specialty Metals',    'Emma Thompson',    'UK',         'Europe',        9,  0.91, '2024-04-15', '2026-10-15', 'Net 30'),
(15, 'Seoul Tech Components',      'Park Ji-hoon',     'South Korea','Asia Pacific',  13, 0.87, '2024-05-01', '2026-11-01', 'Net 45'),
(16, 'Amsterdam Green Supply',     'Jan de Vries',     'Netherlands','Europe',        8,  0.94, '2024-01-01', '2027-01-01', 'Net 30'),
(17, 'Jakarta Industrial Hub',     'Budi Santoso',     'Indonesia',  'Asia Pacific',  22, 0.51, '2024-09-01', '2025-09-01', 'Net 60'),
(18, 'Chicago Packaging Inc',      'David Miller',     'USA',        'North America', 4,  0.93, '2024-03-01', '2026-09-01', 'Net 30'),
(19, 'Barcelona Organic Supply',   'Carlos Garcia',    'Spain',      'Europe',        10, 0.86, '2024-06-15', '2026-06-15', 'Net 45'),
(20, 'Toronto Fresh Foods',        'Michelle Lee',     'Canada',     'North America', 5,  0.92, '2024-02-01', '2026-08-01', 'Net 30');

-- ============================================================
-- PRODUCTS (50 rows) — 9 categories
-- ============================================================

INSERT INTO PRODUCTS (PRODUCT_ID, PRODUCT_NAME, CATEGORY, SUBCATEGORY, SUPPLIER_ID, UNIT_COST, UNIT_PRICE, WEIGHT_KG, IS_PERISHABLE) VALUES
(1001, 'Industrial Steel Beam A',      'Raw Materials',    'Metals',            12, 45.00,  72.00,  25.0, FALSE),
(1002, 'Aluminum Sheet 4x8',           'Raw Materials',    'Metals',             1, 32.50,  52.00,  12.0, FALSE),
(1003, 'Copper Wire Spool 500m',       'Raw Materials',    'Metals',            14, 78.00, 124.80,   8.5, FALSE),
(1004, 'Stainless Steel Pipe 2in',     'Raw Materials',    'Metals',            12, 28.00,  44.80,  15.0, FALSE),
(1005, 'Carbon Fiber Panel',           'Raw Materials',    'Composites',         3, 120.00, 192.00,  3.0, FALSE),
(1006, 'Hydraulic Motor HM-200',       'Components',       'Mechanical',         2, 340.00, 544.00, 18.0, FALSE),
(1007, 'Servo Controller SC-50',       'Components',       'Electronic',        15, 185.00, 296.00,  2.5, FALSE),
(1008, 'Bearing Assembly BA-100',      'Components',       'Mechanical',         8, 65.00, 104.00,   4.0, FALSE),
(1009, 'Circuit Board CB-X1',          'Components',       'Electronic',         3, 42.00,  67.20,   0.3, FALSE),
(1010, 'Pneumatic Valve PV-30',        'Components',       'Mechanical',         2, 95.00, 152.00,   3.5, FALSE),
(1011, 'Organic Wheat Flour 25kg',     'Food & Beverage',  'Grains',            19, 18.00,  28.80,  25.0, TRUE),
(1012, 'Fresh Orange Juice 1L',        'Food & Beverage',  'Beverages',         20,  2.50,   4.00,   1.1, TRUE),
(1013, 'Frozen Salmon Fillet 5kg',     'Food & Beverage',  'Seafood',           10, 35.00,  56.00,   5.0, TRUE),
(1014, 'Premium Coffee Beans 1kg',     'Food & Beverage',  'Beverages',          9, 12.00,  19.20,   1.0, TRUE),
(1015, 'Organic Olive Oil 5L',         'Food & Beverage',  'Oils',              11, 22.00,  35.20,   4.6, TRUE),
(1016, 'LED Panel Light 60W',          'Electronics',      'Lighting',          15, 28.00,  44.80,   2.0, FALSE),
(1017, 'Smart Thermostat v3',          'Electronics',      'IoT Devices',        4, 55.00,  88.00,   0.5, FALSE),
(1018, 'Industrial Sensor Pack',       'Electronics',      'IoT Devices',        7, 120.00, 192.00,  1.5, FALSE),
(1019, 'Power Supply Unit 500W',       'Electronics',      'Power',              4, 38.00,  60.80,   3.0, FALSE),
(1020, 'USB-C Cable Bundle (10pk)',    'Electronics',      'Accessories',       13,  8.00,  12.80,   0.5, FALSE),
(1021, 'Corrugated Box 18x18x12',     'Packaging',        'Boxes',             18,  1.20,   1.92,   0.8, FALSE),
(1022, 'Bubble Wrap Roll 100m',        'Packaging',        'Protective',        18, 15.00,  24.00,   5.0, FALSE),
(1023, 'Pallet Wrap 500m',             'Packaging',        'Protective',         6,  8.50,  13.60,   4.0, FALSE),
(1024, 'Thermal Insulated Box',        'Packaging',        'Specialty',         18,  4.50,   7.20,   1.2, FALSE),
(1025, 'Shipping Label Roll 1000ct',   'Packaging',        'Labels',             5, 12.00,  19.20,   2.0, FALSE),
(1026, 'Forklift Tire Set',            'Equipment',        'Material Handling',  1, 280.00, 448.00, 40.0, FALSE),
(1027, 'Pallet Jack Standard',         'Equipment',        'Material Handling',  5, 350.00, 560.00, 35.0, FALSE),
(1028, 'Safety Harness Kit',           'Equipment',        'Safety',             8, 85.00, 136.00,   3.0, FALSE),
(1029, 'Warehouse Scanner Gun',        'Equipment',        'Technology',         7, 420.00, 672.00,  0.8, FALSE),
(1030, 'Conveyor Belt Section 3m',     'Equipment',        'Automation',         2, 550.00, 880.00, 45.0, FALSE),
(1031, 'Latex Gloves Box (100)',       'Safety Supplies',  'PPE',               17,  6.00,   9.60,   0.5, FALSE),
(1032, 'Safety Goggles',               'Safety Supplies',  'PPE',                6,  8.50,  13.60,   0.2, FALSE),
(1033, 'Hard Hat ANSI Type II',        'Safety Supplies',  'PPE',                5, 15.00,  24.00,   0.4, FALSE),
(1034, 'Steel Toe Boots Size 10',      'Safety Supplies',  'Footwear',          11, 65.00, 104.00,   1.8, FALSE),
(1035, 'High-Vis Vest',                'Safety Supplies',  'PPE',               17,  5.00,   8.00,   0.2, FALSE),
(1036, 'Cleaning Solution 20L',        'Maintenance',      'Chemicals',         16, 18.00,  28.80,  20.0, FALSE),
(1037, 'HVAC Filter Set (4pk)',        'Maintenance',      'HVAC',              16, 32.00,  51.20,   4.0, FALSE),
(1038, 'Epoxy Floor Coating 10L',      'Maintenance',      'Flooring',           9, 45.00,  72.00,  11.0, FALSE),
(1039, 'Industrial Lubricant 5L',      'Maintenance',      'Chemicals',         16, 22.00,  35.20,   5.0, FALSE),
(1040, 'Replacement Light Bulb (12pk)','Maintenance',      'Lighting',          15, 18.00,  28.80,   1.5, FALSE),
(1041, 'Organic Baby Formula 400g',    'Food & Beverage',  'Baby Food',         20, 14.00,  22.40,   0.4, TRUE),
(1042, 'Protein Bar Box (24)',          'Food & Beverage',  'Snacks',            19, 16.00,  25.60,   1.2, TRUE),
(1043, 'Smart Lock Module',             'Electronics',      'IoT Devices',       13, 42.00,  67.20,   0.6, FALSE),
(1044, 'Temperature Logger',            'Electronics',      'IoT Devices',        4, 65.00, 104.00,   0.3, FALSE),
(1045, 'Anti-Fatigue Mat 3x5',         'Safety Supplies',  'Ergonomics',         6, 25.00,  40.00,   3.0, FALSE),
(1046, 'Dock Leveler Pad',             'Equipment',        'Loading Dock',       1, 180.00, 288.00, 22.0, FALSE),
(1047, 'Shrink Wrap Gun',              'Equipment',        'Packaging',         18, 125.00, 200.00,  2.5, FALSE),
(1048, 'First Aid Kit Industrial',     'Safety Supplies',  'Emergency',          5, 35.00,  56.00,   2.0, FALSE),
(1049, 'Warehouse Rack Section',       'Equipment',        'Storage',           12, 220.00, 352.00, 55.0, FALSE),
(1050, 'Frozen Chicken Breast 10kg',   'Food & Beverage',  'Meat',              10, 28.00,  44.80,  10.0, TRUE);

-- ============================================================
-- WAREHOUSES (8 rows) — US facilities
-- ============================================================

INSERT INTO WAREHOUSES (WAREHOUSE_ID, WAREHOUSE_NAME, CITY, STATE_PROVINCE, CAPACITY_SQFT) VALUES
(1, 'West Coast Hub',         'Los Angeles', 'CA', 150000),
(2, 'Midwest Distribution',   'Chicago',     'IL', 120000),
(3, 'East Coast Fulfillment', 'Newark',      'NJ', 130000),
(4, 'Southeast Logistics',    'Atlanta',     'GA', 100000),
(5, 'Texas Mega Center',      'Dallas',      'TX', 180000),
(6, 'Pacific Northwest Depot','Seattle',     'WA',  90000),
(7, 'Mountain West Facility', 'Denver',      'CO',  85000),
(8, 'Florida Gateway',        'Miami',       'FL', 110000);

-- ============================================================
-- INVENTORY (162 rows) — ~30% at or below reorder point
-- ============================================================

INSERT INTO INVENTORY (PRODUCT_ID, WAREHOUSE_ID, QUANTITY_ON_HAND, DAYS_OF_SUPPLY, LAST_RESTOCK_DATE) VALUES
-- Warehouse 1 (LA) — 22 products
(1001, 1, 450,  30, '2025-01-10'),
(1002, 1,  80,   4, '2024-12-20'),   -- Below reorder
(1005, 1, 200,  25, '2025-01-05'),
(1006, 1,  35,  18, '2025-01-08'),
(1007, 1,  12,   3, '2024-12-15'),   -- Below reorder, critical
(1011, 1, 600,  22, '2025-01-12'),
(1012, 1, 150,   2, '2024-12-28'),   -- Below reorder, perishable critical
(1016, 1, 300,  20, '2025-01-06'),
(1017, 1,  45,   5, '2024-12-30'),   -- Below reorder
(1021, 1, 2000, 35, '2025-01-11'),
(1022, 1, 180,  15, '2025-01-03'),
(1026, 1,  20,  40, '2024-11-15'),
(1027, 1,   8,  25, '2024-12-01'),
(1031, 1, 500,  28, '2025-01-09'),
(1032, 1, 100,  18, '2025-01-04'),
(1036, 1,  40,  22, '2025-01-02'),
(1037, 1,  15,  12, '2024-12-28'),
(1041, 1, 200,  14, '2025-01-07'),
(1043, 1,  60,  16, '2025-01-01'),
(1046, 1,   5,  30, '2024-11-20'),
(1048, 1,  25,  20, '2025-01-05'),
(1050, 1,  80,   3, '2024-12-22'),   -- Below reorder, perishable
-- Warehouse 2 (Chicago) — 21 products
(1001, 2, 300,  20, '2025-01-08'),
(1003, 2, 150,  18, '2025-01-05'),
(1004, 2,  60,   4, '2024-12-18'),   -- Below reorder
(1006, 2,  25,  12, '2025-01-02'),
(1008, 2, 200,  22, '2025-01-10'),
(1009, 2,  90,   5, '2024-12-25'),   -- Below reorder
(1010, 2, 120,  16, '2025-01-06'),
(1013, 2,  40,   3, '2024-12-20'),   -- Below reorder, perishable
(1014, 2, 300,  25, '2025-01-11'),
(1018, 2,  15,   4, '2024-12-22'),   -- Below reorder
(1019, 2, 200,  20, '2025-01-04'),
(1023, 2, 400,  28, '2025-01-09'),
(1024, 2, 180,  15, '2025-01-03'),
(1028, 2,  50,  18, '2025-01-07'),
(1029, 2,  10,   8, '2024-12-28'),
(1033, 2, 120,  22, '2025-01-06'),
(1034, 2,  30,  12, '2024-12-30'),
(1038, 2,  20,  16, '2025-01-01'),
(1042, 2, 250,  20, '2025-01-08'),
(1047, 2,   6,  15, '2024-12-10'),
(1049, 2,  12,  25, '2024-12-15'),
-- Warehouse 3 (Newark) — 22 products
(1001, 3, 500,  35, '2025-01-12'),
(1002, 3, 350,  28, '2025-01-10'),
(1003, 3,  40,   3, '2024-12-15'),   -- Below reorder, critical
(1005, 3, 100,  15, '2025-01-03'),
(1007, 3,  55,  22, '2025-01-08'),
(1009, 3, 180,  14, '2025-01-05'),
(1011, 3, 400,  16, '2025-01-07'),
(1012, 3, 280,   4, '2024-12-26'),   -- Below reorder
(1015, 3, 150,  18, '2025-01-04'),
(1016, 3, 220,  16, '2025-01-06'),
(1020, 3, 500,  22, '2025-01-09'),
(1021, 3, 1800, 30, '2025-01-11'),
(1025, 3, 300,  18, '2025-01-05'),
(1030, 3,   4,   8, '2024-12-01'),
(1031, 3, 350,  16, '2025-01-03'),
(1035, 3, 400,  24, '2025-01-08'),
(1036, 3,  25,  10, '2024-12-28'),
(1039, 3,  30,  14, '2025-01-02'),
(1040, 3,  60,  18, '2025-01-04'),
(1044, 3,  20,   5, '2024-12-20'),   -- Below reorder
(1045, 3,  15,  12, '2024-12-28'),
(1050, 3, 120,   8, '2025-01-01'),
-- Warehouse 4 (Atlanta) — 20 products
(1002, 4, 200,  16, '2025-01-05'),
(1004, 4, 180,  20, '2025-01-08'),
(1006, 4,  18,   6, '2024-12-22'),   -- Below reorder
(1008, 4, 150,  16, '2025-01-04'),
(1010, 4,  80,  10, '2024-12-30'),
(1011, 4, 180,   5, '2024-12-25'),   -- Below reorder
(1014, 4, 200,  16, '2025-01-06'),
(1015, 4, 100,  10, '2024-12-29'),
(1017, 4,  90,  14, '2025-01-03'),
(1019, 4, 150,  16, '2025-01-07'),
(1020, 4, 300,  14, '2025-01-02'),
(1022, 4, 120,  10, '2024-12-28'),
(1024, 4, 250,  22, '2025-01-09'),
(1028, 4,  35,  12, '2024-12-30'),
(1033, 4,  80,  14, '2025-01-04'),
(1034, 4,  15,   5, '2024-12-18'),   -- Below reorder
(1038, 4,  12,   8, '2024-12-22'),
(1041, 4, 160,  12, '2025-01-05'),
(1042, 4, 180,  14, '2025-01-06'),
(1048, 4,  30,  22, '2025-01-08'),
-- Warehouse 5 (Dallas) — 22 products
(1001, 5, 600,  40, '2025-01-12'),
(1002, 5,  90,   5, '2024-12-22'),   -- Below reorder
(1003, 5, 200,  22, '2025-01-08'),
(1004, 5, 300,  30, '2025-01-10'),
(1005, 5,  60,   8, '2024-12-28'),
(1006, 5,  40,  22, '2025-01-06'),
(1008, 5, 250,  28, '2025-01-11'),
(1010, 5, 160,  22, '2025-01-07'),
(1013, 5,  80,  10, '2025-01-02'),
(1014, 5, 350,  30, '2025-01-12'),
(1016, 5, 180,  14, '2025-01-04'),
(1019, 5, 250,  26, '2025-01-09'),
(1021, 5, 2500, 42, '2025-01-12'),
(1023, 5, 500,  30, '2025-01-10'),
(1025, 5, 400,  24, '2025-01-08'),
(1027, 5,  12,  35, '2024-12-05'),
(1030, 5,   6,  15, '2024-12-15'),
(1035, 5, 500,  30, '2025-01-10'),
(1037, 5,  20,  16, '2025-01-03'),
(1039, 5,  35,  18, '2025-01-05'),
(1045, 5,  20,  16, '2025-01-02'),
(1049, 5,  15,  30, '2024-12-20'),
-- Warehouse 6 (Seattle) — 18 products
(1001, 6, 200,  14, '2025-01-04'),
(1005, 6,  80,  12, '2025-01-01'),
(1007, 6,  40,  20, '2025-01-06'),
(1009, 6,  50,   3, '2024-12-18'),   -- Below reorder, critical
(1011, 6, 300,  12, '2025-01-03'),
(1012, 6, 400,   8, '2025-01-01'),
(1013, 6,  60,   8, '2024-12-28'),
(1015, 6, 120,  14, '2025-01-04'),
(1016, 6, 150,  12, '2025-01-02'),
(1020, 6, 350,  16, '2025-01-05'),
(1022, 6,  90,   6, '2024-12-25'),   -- Below reorder
(1026, 6,  15,  30, '2024-11-25'),
(1031, 6, 250,  12, '2025-01-02'),
(1036, 6,  30,  14, '2025-01-03'),
(1040, 6,  45,  14, '2025-01-04'),
(1041, 6, 100,   7, '2024-12-26'),   -- At reorder
(1044, 6,  30,  10, '2024-12-30'),
(1050, 6,  50,   2, '2024-12-20'),   -- Below reorder, perishable critical
-- Warehouse 7 (Denver) — 17 products
(1001, 7, 180,  12, '2025-01-02'),
(1003, 7, 100,  10, '2024-12-30'),
(1004, 7, 120,  12, '2025-01-01'),
(1008, 7, 100,  10, '2024-12-28'),
(1010, 7,  50,   5, '2024-12-22'),   -- Below reorder
(1014, 7, 150,  12, '2025-01-03'),
(1017, 7,  30,   4, '2024-12-20'),   -- Below reorder
(1018, 7,   8,   2, '2024-12-15'),   -- Below reorder, critical
(1021, 7, 1200, 22, '2025-01-08'),
(1024, 7, 140,  12, '2025-01-02'),
(1028, 7,  20,   6, '2024-12-22'),   -- Below reorder
(1032, 7,  60,  10, '2024-12-28'),
(1037, 7,   8,   5, '2024-12-20'),   -- Below reorder
(1042, 7, 120,  10, '2024-12-30'),
(1046, 7,   3,  15, '2024-11-10'),   -- At reorder
(1047, 7,   4,  10, '2024-12-05'),   -- At reorder
(1049, 7,   8,  16, '2024-12-10'),   -- At reorder
-- Warehouse 8 (Miami) — 20 products
(1002, 8, 280,  22, '2025-01-08'),
(1004, 8, 150,  16, '2025-01-05'),
(1005, 8,  70,  10, '2024-12-30'),
(1009, 8, 160,  12, '2025-01-03'),
(1011, 8, 500,  20, '2025-01-10'),
(1012, 8, 350,   6, '2024-12-28'),
(1013, 8,  90,  12, '2025-01-04'),
(1015, 8, 180,  20, '2025-01-08'),
(1016, 8, 250,  18, '2025-01-06'),
(1019, 8, 180,  18, '2025-01-07'),
(1020, 8, 400,  18, '2025-01-05'),
(1023, 8, 300,  18, '2025-01-06'),
(1025, 8, 200,  12, '2025-01-02'),
(1029, 8,   7,   5, '2024-12-18'),   -- Below reorder
(1033, 8,  90,  16, '2025-01-04'),
(1035, 8, 300,  18, '2025-01-06'),
(1038, 8,  18,  14, '2025-01-01'),
(1040, 8,  40,  12, '2024-12-28'),
(1041, 8, 180,  14, '2025-01-05'),
(1050, 8, 100,   6, '2024-12-26');   -- At reorder

-- ============================================================
-- PURCHASE_ORDERS (200 rows) — ~25% have delays
-- ============================================================

INSERT INTO PURCHASE_ORDERS (PO_ID, SUPPLIER_ID, PRODUCT_ID, ORDER_DATE, EXPECTED_DELIVERY_DATE, ACTUAL_DELIVERY_DATE, QUANTITY_ORDERED, UNIT_COST, TOTAL_COST, DELAY_DAYS, STATUS) VALUES
-- Supplier 1 (Pacific Coast) — reliable
(5001, 1, 1002, '2024-12-01', '2024-12-06', '2024-12-06', 400, 32.50,  13000.00, 0, 'Delivered'),
(5002, 1, 1026, '2024-12-05', '2024-12-10', '2024-12-10',  30, 280.00,  8400.00, 0, 'Delivered'),
(5003, 1, 1046, '2024-12-10', '2024-12-15', '2024-12-16',  10, 180.00,  1800.00, 1, 'Delivered'),
(5004, 1, 1002, '2024-12-15', '2024-12-20', '2024-12-20', 400, 32.50,  13000.00, 0, 'Delivered'),
(5005, 1, 1026, '2024-12-20', '2024-12-25', '2024-12-25',  30, 280.00,  8400.00, 0, 'Delivered'),
(5006, 1, 1046, '2025-01-02', '2025-01-07', NULL,          10, 180.00,  1800.00, 0, 'In Transit'),
(5007, 1, 1002, '2025-01-05', '2025-01-10', NULL,         400, 32.50,  13000.00, 0, 'Ordered'),
(5008, 1, 1002, '2025-01-08', '2025-01-13', NULL,         400, 32.50,  13000.00, 0, 'Ordered'),
(5009, 1, 1046, '2025-01-10', '2025-01-15', NULL,          10, 180.00,  1800.00, 0, 'Ordered'),
(5010, 1, 1026, '2025-01-12', '2025-01-17', NULL,          30, 280.00,  8400.00, 0, 'Ordered'),
-- Supplier 2 (Rhine Valley) — reliable
(5011, 2, 1006, '2024-11-20', '2024-12-02', '2024-12-02', 100, 340.00, 34000.00, 0, 'Delivered'),
(5012, 2, 1010, '2024-11-25', '2024-12-07', '2024-12-08', 200,  95.00, 19000.00, 1, 'Delivered'),
(5013, 2, 1030, '2024-12-01', '2024-12-13', '2024-12-13',   8, 550.00,  4400.00, 0, 'Delivered'),
(5014, 2, 1006, '2024-12-05', '2024-12-17', '2024-12-18', 100, 340.00, 34000.00, 1, 'Delivered'),
(5015, 2, 1010, '2024-12-10', '2024-12-22', '2024-12-22', 200,  95.00, 19000.00, 0, 'Delivered'),
(5016, 2, 1030, '2024-12-15', '2024-12-27', '2024-12-27',   8, 550.00,  4400.00, 0, 'Delivered'),
(5017, 2, 1006, '2024-12-20', '2025-01-01', '2025-01-01', 100, 340.00, 34000.00, 0, 'Delivered'),
(5018, 2, 1010, '2025-01-02', '2025-01-14', NULL,         200,  95.00, 19000.00, 0, 'In Transit'),
(5019, 2, 1030, '2025-01-05', '2025-01-17', NULL,           8, 550.00,  4400.00, 0, 'Ordered'),
(5020, 2, 1006, '2025-01-10', '2025-01-22', NULL,         100, 340.00, 34000.00, 0, 'Ordered'),
-- Supplier 3 (Tokyo Precision) — reliable
(5021, 3, 1005, '2024-11-15', '2024-11-29', '2024-11-30', 200, 120.00, 24000.00, 1, 'Delivered'),
(5022, 3, 1009, '2024-11-20', '2024-12-04', '2024-12-04', 250,  42.00, 10500.00, 0, 'Delivered'),
(5023, 3, 1005, '2024-12-01', '2024-12-15', '2024-12-15', 200, 120.00, 24000.00, 0, 'Delivered'),
(5024, 3, 1009, '2024-12-05', '2024-12-19', '2024-12-20', 250,  42.00, 10500.00, 1, 'Delivered'),
(5025, 3, 1005, '2024-12-10', '2024-12-24', '2024-12-24', 200, 120.00, 24000.00, 0, 'Delivered'),
(5026, 3, 1009, '2024-12-15', '2024-12-29', '2024-12-29', 250,  42.00, 10500.00, 0, 'Delivered'),
(5027, 3, 1005, '2024-12-20', '2025-01-03', '2025-01-03', 200, 120.00, 24000.00, 0, 'Delivered'),
(5028, 3, 1009, '2025-01-02', '2025-01-16', NULL,         250,  42.00, 10500.00, 0, 'In Transit'),
(5029, 3, 1005, '2025-01-08', '2025-01-22', NULL,         200, 120.00, 24000.00, 0, 'Ordered'),
(5030, 3, 1009, '2025-01-10', '2025-01-24', NULL,         250,  42.00, 10500.00, 0, 'Ordered'),
-- Supplier 4 (Shenzhen Fast) — LOW RELIABILITY (0.58)
(5031, 4, 1017, '2024-11-01', '2024-11-19', '2024-12-02', 150,  55.00,  8250.00, 13, 'Delivered'),
(5032, 4, 1019, '2024-11-05', '2024-11-23', '2024-12-08', 300,  38.00, 11400.00, 15, 'Delivered'),
(5033, 4, 1044, '2024-11-10', '2024-11-28', '2024-12-05',  60,  65.00,  3900.00,  7, 'Delivered'),
(5034, 4, 1017, '2024-11-15', '2024-12-03', '2024-12-18', 150,  55.00,  8250.00, 15, 'Delivered'),
(5035, 4, 1019, '2024-11-20', '2024-12-08', '2024-12-20', 300,  38.00, 11400.00, 12, 'Delivered'),
(5036, 4, 1044, '2024-12-01', '2024-12-19', '2024-12-30',  60,  65.00,  3900.00, 11, 'Delivered'),
(5037, 4, 1017, '2024-12-05', '2024-12-23', '2025-01-05', 150,  55.00,  8250.00, 13, 'Delivered'),
(5038, 4, 1019, '2024-12-10', '2024-12-28', NULL,         300,  38.00, 11400.00, 14, 'Delayed'),
(5039, 4, 1044, '2024-12-15', '2025-01-02', NULL,          60,  65.00,  3900.00, 10, 'Delayed'),
(5040, 4, 1017, '2025-01-02', '2025-01-20', NULL,         150,  55.00,  8250.00,  0, 'Ordered'),
-- Supplier 5 (Great Lakes) — reliable
(5041, 5, 1025, '2024-12-01', '2024-12-05', '2024-12-05', 400,  12.00,  4800.00, 0, 'Delivered'),
(5042, 5, 1027, '2024-12-03', '2024-12-07', '2024-12-07',  15, 350.00,  5250.00, 0, 'Delivered'),
(5043, 5, 1033, '2024-12-05', '2024-12-09', '2024-12-09', 200,  15.00,  3000.00, 0, 'Delivered'),
(5044, 5, 1048, '2024-12-08', '2024-12-12', '2024-12-12',  40,  35.00,  1400.00, 0, 'Delivered'),
(5045, 5, 1025, '2024-12-10', '2024-12-14', '2024-12-14', 400,  12.00,  4800.00, 0, 'Delivered'),
(5046, 5, 1027, '2024-12-15', '2024-12-19', '2024-12-19',  15, 350.00,  5250.00, 0, 'Delivered'),
(5047, 5, 1033, '2024-12-18', '2024-12-22', '2024-12-22', 200,  15.00,  3000.00, 0, 'Delivered'),
(5048, 5, 1048, '2024-12-20', '2024-12-24', '2024-12-25',  40,  35.00,  1400.00, 1, 'Delivered'),
(5049, 5, 1025, '2025-01-05', '2025-01-09', NULL,         400,  12.00,  4800.00, 0, 'In Transit'),
(5050, 5, 1033, '2025-01-08', '2025-01-12', NULL,         200,  15.00,  3000.00, 0, 'Ordered'),
-- Supplier 6 (Maple Leaf) — good
(5051, 6, 1023, '2024-12-01', '2024-12-07', '2024-12-07', 500,   8.50,  4250.00, 0, 'Delivered'),
(5052, 6, 1032, '2024-12-03', '2024-12-09', '2024-12-10', 200,   8.50,  1700.00, 1, 'Delivered'),
(5053, 6, 1045, '2024-12-05', '2024-12-11', '2024-12-11',  30,  25.00,   750.00, 0, 'Delivered'),
(5054, 6, 1023, '2024-12-10', '2024-12-16', '2024-12-16', 500,   8.50,  4250.00, 0, 'Delivered'),
(5055, 6, 1032, '2024-12-12', '2024-12-18', '2024-12-18', 200,   8.50,  1700.00, 0, 'Delivered'),
(5056, 6, 1045, '2024-12-15', '2024-12-21', '2024-12-22',  30,  25.00,   750.00, 1, 'Delivered'),
(5057, 6, 1023, '2024-12-18', '2024-12-24', '2024-12-24', 500,   8.50,  4250.00, 0, 'Delivered'),
(5058, 6, 1032, '2024-12-20', '2024-12-26', '2024-12-26', 200,   8.50,  1700.00, 0, 'Delivered'),
(5059, 6, 1023, '2025-01-05', '2025-01-11', NULL,         500,   8.50,  4250.00, 0, 'In Transit'),
(5060, 6, 1045, '2025-01-10', '2025-01-16', NULL,          30,  25.00,   750.00, 0, 'Ordered'),
-- Supplier 7 (Mumbai Trade) — LOW RELIABILITY (0.62)
(5061, 7, 1018, '2024-11-01', '2024-11-21', '2024-12-05',  60, 120.00,  7200.00, 14, 'Delivered'),
(5062, 7, 1029, '2024-11-05', '2024-11-25', '2024-12-03',  20, 420.00,  8400.00,  8, 'Delivered'),
(5063, 7, 1018, '2024-11-10', '2024-11-30', '2024-12-15',  60, 120.00,  7200.00, 15, 'Delivered'),
(5064, 7, 1029, '2024-11-15', '2024-12-05', '2024-12-18',  20, 420.00,  8400.00, 13, 'Delivered'),
(5065, 7, 1018, '2024-11-20', '2024-12-10', '2024-12-22',  60, 120.00,  7200.00, 12, 'Delivered'),
(5066, 7, 1029, '2024-12-01', '2024-12-21', '2024-12-30',  20, 420.00,  8400.00,  9, 'Delivered'),
(5067, 7, 1018, '2024-12-05', '2024-12-25', '2025-01-06',  60, 120.00,  7200.00, 12, 'Delivered'),
(5068, 7, 1029, '2024-12-10', '2024-12-30', NULL,          20, 420.00,  8400.00, 12, 'Delayed'),
(5069, 7, 1018, '2024-12-20', '2025-01-09', NULL,          60, 120.00,  7200.00,  0, 'In Transit'),
(5070, 7, 1029, '2025-01-05', '2025-01-25', NULL,          20, 420.00,  8400.00,  0, 'Ordered'),
-- Supplier 8 (Nordic Supply) — reliable
(5071, 8, 1008, '2024-12-01', '2024-12-11', '2024-12-11', 300,  65.00, 19500.00, 0, 'Delivered'),
(5072, 8, 1028, '2024-12-03', '2024-12-13', '2024-12-13',  80,  85.00,  6800.00, 0, 'Delivered'),
(5073, 8, 1008, '2024-12-06', '2024-12-16', '2024-12-16', 300,  65.00, 19500.00, 0, 'Delivered'),
(5074, 8, 1028, '2024-12-10', '2024-12-20', '2024-12-21',  80,  85.00,  6800.00, 1, 'Delivered'),
(5075, 8, 1008, '2024-12-13', '2024-12-23', '2024-12-23', 300,  65.00, 19500.00, 0, 'Delivered'),
(5078, 8, 1028, '2024-12-20', '2024-12-30', '2024-12-30',  80,  85.00,  6800.00, 0, 'Delivered'),
(5079, 8, 1008, '2025-01-05', '2025-01-15', NULL,         300,  65.00, 19500.00, 0, 'In Transit'),
(5080, 8, 1028, '2025-01-10', '2025-01-20', NULL,          80,  85.00,  6800.00, 0, 'Ordered'),
-- Supplier 9 (Sao Paulo) — decent
(5081, 9, 1014, '2024-11-15', '2024-12-01', '2024-12-03', 400,  12.00,  4800.00, 2, 'Delivered'),
(5082, 9, 1038, '2024-11-20', '2024-12-06', '2024-12-06',  40,  45.00,  1800.00, 0, 'Delivered'),
(5083, 9, 1042, '2024-12-01', '2024-12-17', '2024-12-18', 400,  16.00,  6400.00, 1, 'Delivered'),
(5084, 9, 1014, '2024-12-05', '2024-12-21', '2024-12-21', 400,  12.00,  4800.00, 0, 'Delivered'),
(5085, 9, 1038, '2024-12-10', '2024-12-26', '2024-12-28',  40,  45.00,  1800.00, 2, 'Delivered'),
(5086, 9, 1042, '2024-12-12', '2024-12-28', '2024-12-28', 400,  16.00,  6400.00, 0, 'Delivered'),
(5087, 9, 1014, '2024-12-15', '2024-12-31', '2024-12-31', 400,  12.00,  4800.00, 0, 'Delivered'),
(5088, 9, 1038, '2024-12-18', '2025-01-03', '2025-01-04',  40,  45.00,  1800.00, 1, 'Delivered'),
(5089, 9, 1042, '2025-01-02', '2025-01-18', NULL,         400,  16.00,  6400.00, 0, 'In Transit'),
(5090, 9, 1014, '2025-01-08', '2025-01-24', NULL,         400,  12.00,  4800.00, 0, 'Ordered'),
-- Supplier 10 (Sydney Wholesale) — decent
(5091, 10, 1013, '2024-11-15', '2024-11-30', '2024-12-02', 150,  35.00,  5250.00, 2, 'Delivered'),
(5092, 10, 1050, '2024-11-20', '2024-12-05', '2024-12-05', 300,  28.00,  8400.00, 0, 'Delivered'),
(5093, 10, 1013, '2024-12-01', '2024-12-16', '2024-12-16', 150,  35.00,  5250.00, 0, 'Delivered'),
(5094, 10, 1050, '2024-12-05', '2024-12-20', '2024-12-22', 300,  28.00,  8400.00, 2, 'Delivered'),
(5095, 10, 1013, '2024-12-10', '2024-12-25', '2024-12-25', 150,  35.00,  5250.00, 0, 'Delivered'),
(5096, 10, 1050, '2024-12-12', '2024-12-27', '2024-12-27', 300,  28.00,  8400.00, 0, 'Delivered'),
(5097, 10, 1013, '2024-12-15', '2024-12-30', '2024-12-30', 150,  35.00,  5250.00, 0, 'Delivered'),
(5098, 10, 1050, '2024-12-18', '2025-01-02', '2025-01-03', 300,  28.00,  8400.00, 1, 'Delivered'),
(5099, 10, 1013, '2025-01-05', '2025-01-20', NULL,         150,  35.00,  5250.00, 0, 'In Transit'),
(5100, 10, 1050, '2025-01-10', '2025-01-25', NULL,         300,  28.00,  8400.00, 0, 'Ordered'),
-- Supplier 11 (Milan Fashion) — good
(5101, 11, 1015, '2024-12-01', '2024-12-12', '2024-12-12', 250,  22.00,  5500.00, 0, 'Delivered'),
(5102, 11, 1034, '2024-12-03', '2024-12-14', '2024-12-14',  60,  65.00,  3900.00, 0, 'Delivered'),
(5103, 11, 1015, '2024-12-06', '2024-12-17', '2024-12-18', 250,  22.00,  5500.00, 1, 'Delivered'),
(5104, 11, 1034, '2024-12-10', '2024-12-21', '2024-12-21',  60,  65.00,  3900.00, 0, 'Delivered'),
(5105, 11, 1015, '2024-12-13', '2024-12-24', '2024-12-24', 250,  22.00,  5500.00, 0, 'Delivered'),
(5106, 11, 1034, '2024-12-15', '2024-12-26', '2024-12-26',  60,  65.00,  3900.00, 0, 'Delivered'),
(5107, 11, 1015, '2024-12-18', '2024-12-29', '2024-12-30', 250,  22.00,  5500.00, 1, 'Delivered'),
(5108, 11, 1034, '2024-12-20', '2024-12-31', '2024-12-31',  60,  65.00,  3900.00, 0, 'Delivered'),
(5109, 11, 1015, '2025-01-05', '2025-01-16', NULL,         250,  22.00,  5500.00, 0, 'In Transit'),
(5110, 11, 1034, '2025-01-10', '2025-01-21', NULL,          60,  65.00,  3900.00, 0, 'Ordered'),
-- Supplier 12 (Texas Steel) — very reliable
(5111, 12, 1001, '2024-12-01', '2024-12-04', '2024-12-04', 500,  45.00, 22500.00, 0, 'Delivered'),
(5112, 12, 1004, '2024-12-03', '2024-12-06', '2024-12-06', 250,  28.00,  7000.00, 0, 'Delivered'),
(5113, 12, 1049, '2024-12-05', '2024-12-08', '2024-12-08',  20, 220.00,  4400.00, 0, 'Delivered'),
(5114, 12, 1001, '2024-12-08', '2024-12-11', '2024-12-11', 500,  45.00, 22500.00, 0, 'Delivered'),
(5115, 12, 1004, '2024-12-10', '2024-12-13', '2024-12-13', 250,  28.00,  7000.00, 0, 'Delivered'),
(5116, 12, 1049, '2024-12-12', '2024-12-15', '2024-12-15',  20, 220.00,  4400.00, 0, 'Delivered'),
(5117, 12, 1001, '2024-12-15', '2024-12-18', '2024-12-18', 500,  45.00, 22500.00, 0, 'Delivered'),
(5118, 12, 1004, '2024-12-18', '2024-12-21', '2024-12-21', 250,  28.00,  7000.00, 0, 'Delivered'),
(5119, 12, 1001, '2025-01-05', '2025-01-08', NULL,         500,  45.00, 22500.00, 0, 'In Transit'),
(5120, 12, 1049, '2025-01-10', '2025-01-13', NULL,          20, 220.00,  4400.00, 0, 'Ordered'),
-- Supplier 13 (Guangzhou Quick) — LOW RELIABILITY (0.55)
(5121, 13, 1020, '2024-11-01', '2024-11-20', '2024-12-08', 600,   8.00,  4800.00, 18, 'Delivered'),
(5122, 13, 1043, '2024-11-05', '2024-11-24', '2024-12-10', 100,  42.00,  4200.00, 16, 'Delivered'),
(5123, 13, 1020, '2024-11-10', '2024-11-29', '2024-12-12', 600,   8.00,  4800.00, 13, 'Delivered'),
(5124, 13, 1043, '2024-11-15', '2024-12-04', '2024-12-15', 100,  42.00,  4200.00, 11, 'Delivered'),
(5125, 13, 1020, '2024-11-20', '2024-12-09', '2024-12-22', 600,   8.00,  4800.00, 13, 'Delivered'),
(5126, 13, 1043, '2024-12-01', '2024-12-20', '2025-01-04', 100,  42.00,  4200.00, 15, 'Delivered'),
(5127, 13, 1020, '2024-12-05', '2024-12-24', NULL,         600,   8.00,  4800.00, 19, 'Delayed'),
(5128, 13, 1043, '2024-12-10', '2024-12-29', NULL,         100,  42.00,  4200.00, 14, 'Delayed'),
(5129, 13, 1020, '2024-12-20', '2025-01-08', NULL,         600,   8.00,  4800.00,  0, 'In Transit'),
(5130, 13, 1043, '2025-01-05', '2025-01-24', NULL,         100,  42.00,  4200.00,  0, 'Ordered'),
-- Supplier 14 (London Specialty) — reliable
(5131, 14, 1003, '2024-12-01', '2024-12-10', '2024-12-10', 200,  78.00, 15600.00, 0, 'Delivered'),
(5132, 14, 1003, '2024-12-05', '2024-12-14', '2024-12-14', 200,  78.00, 15600.00, 0, 'Delivered'),
(5133, 14, 1003, '2024-12-10', '2024-12-19', '2024-12-19', 200,  78.00, 15600.00, 0, 'Delivered'),
(5134, 14, 1003, '2024-12-15', '2024-12-24', '2024-12-25', 200,  78.00, 15600.00, 1, 'Delivered'),
(5135, 14, 1003, '2025-01-05', '2025-01-14', NULL,         200,  78.00, 15600.00, 0, 'In Transit'),
-- Supplier 15 (Seoul Tech) — decent
(5136, 15, 1007, '2024-12-01', '2024-12-14', '2024-12-15',  50, 185.00,  9250.00, 1, 'Delivered'),
(5137, 15, 1016, '2024-12-03', '2024-12-16', '2024-12-16', 400,  28.00, 11200.00, 0, 'Delivered'),
(5138, 15, 1040, '2024-12-05', '2024-12-18', '2024-12-18',  80,  18.00,  1440.00, 0, 'Delivered'),
(5139, 15, 1007, '2024-12-08', '2024-12-21', '2024-12-22',  50, 185.00,  9250.00, 1, 'Delivered'),
(5140, 15, 1016, '2024-12-10', '2024-12-23', '2024-12-23', 400,  28.00, 11200.00, 0, 'Delivered'),
(5141, 15, 1040, '2024-12-12', '2024-12-25', '2024-12-25',  80,  18.00,  1440.00, 0, 'Delivered'),
(5142, 15, 1007, '2024-12-15', '2024-12-28', '2024-12-28',  50, 185.00,  9250.00, 0, 'Delivered'),
(5143, 15, 1016, '2024-12-18', '2024-12-31', '2024-12-31', 400,  28.00, 11200.00, 0, 'Delivered'),
(5144, 15, 1016, '2025-01-05', '2025-01-18', NULL,         400,  28.00, 11200.00, 0, 'In Transit'),
(5145, 15, 1040, '2025-01-10', '2025-01-23', NULL,          80,  18.00,  1440.00, 0, 'Ordered'),
-- Supplier 16 (Amsterdam Green) — reliable
(5146, 16, 1036, '2024-12-01', '2024-12-09', '2024-12-09',  60,  18.00,  1080.00, 0, 'Delivered'),
(5147, 16, 1037, '2024-12-03', '2024-12-11', '2024-12-11',  30,  32.00,   960.00, 0, 'Delivered'),
(5148, 16, 1039, '2024-12-05', '2024-12-13', '2024-12-13',  50,  22.00,  1100.00, 0, 'Delivered'),
(5149, 16, 1036, '2024-12-08', '2024-12-16', '2024-12-17',  60,  18.00,  1080.00, 1, 'Delivered'),
(5150, 16, 1037, '2024-12-10', '2024-12-18', '2024-12-18',  30,  32.00,   960.00, 0, 'Delivered'),
(5151, 16, 1039, '2024-12-12', '2024-12-20', '2024-12-20',  50,  22.00,  1100.00, 0, 'Delivered'),
(5152, 16, 1036, '2024-12-15', '2024-12-23', '2024-12-23',  60,  18.00,  1080.00, 0, 'Delivered'),
(5153, 16, 1037, '2024-12-18', '2024-12-26', '2024-12-26',  30,  32.00,   960.00, 0, 'Delivered'),
(5154, 16, 1039, '2025-01-05', '2025-01-13', NULL,          50,  22.00,  1100.00, 0, 'In Transit'),
(5155, 16, 1036, '2025-01-10', '2025-01-18', NULL,          60,  18.00,  1080.00, 0, 'Ordered'),
-- Supplier 17 (Jakarta Industrial) — LOW RELIABILITY (0.51)
(5156, 17, 1031, '2024-11-01', '2024-11-23', '2024-12-12', 600,   6.00,  3600.00, 19, 'Delivered'),
(5157, 17, 1035, '2024-11-05', '2024-11-27', '2024-12-15', 500,   5.00,  2500.00, 18, 'Delivered'),
(5158, 17, 1031, '2024-11-10', '2024-12-02', '2024-12-20', 600,   6.00,  3600.00, 18, 'Delivered'),
(5159, 17, 1035, '2024-11-15', '2024-12-07', '2024-12-22', 500,   5.00,  2500.00, 15, 'Delivered'),
(5160, 17, 1031, '2024-11-20', '2024-12-12', '2024-12-28', 600,   6.00,  3600.00, 16, 'Delivered'),
(5161, 17, 1035, '2024-12-01', '2024-12-23', '2025-01-08', 500,   5.00,  2500.00, 16, 'Delivered'),
(5162, 17, 1031, '2024-12-05', '2024-12-27', NULL,         600,   6.00,  3600.00, 15, 'Delayed'),
(5163, 17, 1035, '2024-12-10', '2025-01-01', NULL,         500,   5.00,  2500.00, 10, 'Delayed'),
(5164, 17, 1031, '2024-12-20', '2025-01-11', NULL,         600,   6.00,  3600.00,  0, 'In Transit'),
(5165, 17, 1035, '2025-01-05', '2025-01-27', NULL,         500,   5.00,  2500.00,  0, 'Ordered'),
-- Supplier 18 (Chicago Packaging) — reliable
(5166, 18, 1021, '2024-12-01', '2024-12-05', '2024-12-05', 3000,  1.20,  3600.00, 0, 'Delivered'),
(5167, 18, 1022, '2024-12-03', '2024-12-07', '2024-12-07',  300, 15.00,  4500.00, 0, 'Delivered'),
(5168, 18, 1024, '2024-12-05', '2024-12-09', '2024-12-09',  300,  4.50,  1350.00, 0, 'Delivered'),
(5169, 18, 1047, '2024-12-08', '2024-12-12', '2024-12-12',   12, 125.00,  1500.00, 0, 'Delivered'),
(5170, 18, 1021, '2024-12-10', '2024-12-14', '2024-12-14', 3000,  1.20,  3600.00, 0, 'Delivered'),
(5171, 18, 1022, '2024-12-12', '2024-12-16', '2024-12-16',  300, 15.00,  4500.00, 0, 'Delivered'),
(5172, 18, 1024, '2024-12-15', '2024-12-19', '2024-12-20',  300,  4.50,  1350.00, 1, 'Delivered'),
(5173, 18, 1047, '2024-12-18', '2024-12-22', '2024-12-22',   12, 125.00,  1500.00, 0, 'Delivered'),
(5174, 18, 1021, '2025-01-05', '2025-01-09', NULL,          3000,  1.20,  3600.00, 0, 'In Transit'),
(5175, 18, 1022, '2025-01-10', '2025-01-14', NULL,           300, 15.00,  4500.00, 0, 'Ordered'),
-- Supplier 19 (Barcelona Organic) — decent
(5176, 19, 1011, '2024-12-01', '2024-12-11', '2024-12-12', 800,  18.00, 14400.00, 1, 'Delivered'),
(5177, 19, 1042, '2024-12-03', '2024-12-13', '2024-12-14', 400,  16.00,  6400.00, 1, 'Delivered'),
(5178, 19, 1011, '2024-12-05', '2024-12-15', '2024-12-15', 800,  18.00, 14400.00, 0, 'Delivered'),
(5179, 19, 1042, '2024-12-08', '2024-12-18', '2024-12-19', 400,  16.00,  6400.00, 1, 'Delivered'),
(5180, 19, 1011, '2024-12-10', '2024-12-20', '2024-12-20', 800,  18.00, 14400.00, 0, 'Delivered'),
(5181, 19, 1011, '2024-12-15', '2024-12-25', '2024-12-27', 800,  18.00, 14400.00, 2, 'Delivered'),
(5182, 19, 1042, '2024-12-18', '2024-12-28', '2024-12-28', 400,  16.00,  6400.00, 0, 'Delivered'),
(5183, 19, 1011, '2024-12-20', '2024-12-30', '2024-12-30', 800,  18.00, 14400.00, 0, 'Delivered'),
(5184, 19, 1011, '2025-01-05', '2025-01-15', NULL,         800,  18.00, 14400.00, 0, 'In Transit'),
(5185, 19, 1042, '2025-01-10', '2025-01-20', NULL,         400,  16.00,  6400.00, 0, 'Ordered'),
-- Supplier 20 (Toronto Fresh) — reliable
(5186, 20, 1012, '2024-12-01', '2024-12-06', '2024-12-06', 500,   2.50,  1250.00, 0, 'Delivered'),
(5187, 20, 1041, '2024-12-03', '2024-12-08', '2024-12-08', 400,  14.00,  5600.00, 0, 'Delivered'),
(5188, 20, 1012, '2024-12-05', '2024-12-10', '2024-12-10', 500,   2.50,  1250.00, 0, 'Delivered'),
(5189, 20, 1041, '2024-12-08', '2024-12-13', '2024-12-14', 400,  14.00,  5600.00, 1, 'Delivered'),
(5190, 20, 1012, '2024-12-10', '2024-12-15', '2024-12-15', 500,   2.50,  1250.00, 0, 'Delivered'),
(5191, 20, 1041, '2024-12-12', '2024-12-17', '2024-12-17', 400,  14.00,  5600.00, 0, 'Delivered'),
(5192, 20, 1012, '2024-12-15', '2024-12-20', '2024-12-20', 500,   2.50,  1250.00, 0, 'Delivered'),
(5193, 20, 1041, '2024-12-18', '2024-12-23', '2024-12-23', 400,  14.00,  5600.00, 0, 'Delivered'),
(5194, 20, 1041, '2024-12-20', '2024-12-25', '2024-12-25', 400,  14.00,  5600.00, 0, 'Delivered'),
(5195, 20, 1012, '2024-12-22', '2024-12-27', '2024-12-27', 500,   2.50,  1250.00, 0, 'Delivered'),
(5196, 20, 1012, '2025-01-02', '2025-01-07', '2025-01-07', 500,   2.50,  1250.00, 0, 'Delivered'),
(5197, 20, 1041, '2025-01-05', '2025-01-10', NULL,         400,  14.00,  5600.00, 0, 'In Transit'),
(5198, 20, 1012, '2025-01-08', '2025-01-13', NULL,         500,   2.50,  1250.00, 0, 'Ordered'),
(5199, 20, 1041, '2025-01-10', '2025-01-15', NULL,         400,  14.00,  5600.00, 0, 'Ordered'),
(5200, 20, 1012, '2025-01-12', '2025-01-17', NULL,         500,   2.50,  1250.00, 0, 'Ordered');
