{
    "Status": 200,
    "DataSet": {
        "Arn": "arn:aws:quicksight:us-east-1:889399602426:dataset/movie-analytics-dataset-v2",
        "DataSetId": "movie-analytics-dataset-v2",
        "Name": "Movie Analytics Dataset-v2",
        "CreatedTime": 1769027848.315,
        "LastUpdatedTime": 1769027848.315,
        "PhysicalTableMap": {
            "499955d4-ffa2-4042-9946-3118925a1cdb": {
                "RelationalTable": {
                    "DataSourceArn": "arn:aws:quicksight:us-east-1:889399602426:datasource/movies-snowflake-datasource",
                    "Schema": "PUBLIC",
                    "Name": "USERS_CURATED",
                    "InputColumns": [
                        {
                            "Name": "USERID",
                            "Type": "INTEGER"
                        },
                        {
                            "Name": "FIRSTNAME",
                            "Type": "STRING"
                        },
                        {
                            "Name": "LASTNAME",
                            "Type": "STRING"
                        },
                        {
                            "Name": "STREET",
                            "Type": "STRING"
                        },
                        {
                            "Name": "CITY",
                            "Type": "STRING"
                        },
                        {
                            "Name": "STATE",
                            "Type": "STRING"
                        },
                        {
                            "Name": "POSTCODE",
                            "Type": "STRING"
                        },
                        {
                            "Name": "COUNTRY",
                            "Type": "STRING"
                        },
                        {
                            "Name": "EMAIL",
                            "Type": "STRING"
                        },
                        {
                            "Name": "PHONENUMBER",
                            "Type": "STRING"
                        }
                    ]
                }
            },
            "4d1e5728-e712-446e-ac96-7e03b5bee466": {
                "RelationalTable": {
                    "DataSourceArn": "arn:aws:quicksight:us-east-1:889399602426:datasource/movies-snowflake-datasource",
                    "Schema": "PUBLIC",
                    "Name": "MOVIES_CURATED",
                    "InputColumns": [
                        {
                            "Name": "MOVIEID",
                            "Type": "INTEGER"
                        },
                        {
                            "Name": "TITLE",
                            "Type": "STRING"
                        },
                        {
                            "Name": "RELEASE",
                            "Type": "INTEGER"
                        }
                    ]
                }
            },
            "ratings": {
                "RelationalTable": {
                    "DataSourceArn": "arn:aws:quicksight:us-east-1:889399602426:datasource/movies-snowflake-datasource",
                    "Catalog": "MOVIES",
                    "Schema": "PUBLIC",
                    "Name": "RATINGS_CURATED",
                    "InputColumns": [
                        {
                            "Name": "USERID",
                            "Type": "INTEGER"
                        },
                        {
                            "Name": "MOVIEID",
                            "Type": "INTEGER"
                        },
                        {
                            "Name": "RATING",
                            "Type": "DECIMAL",
                            "SubType": "FLOAT"
                        },
                        {
                            "Name": "TIMESTAMP",
                            "Type": "DATETIME"
                        }
                    ]
                }
            }
        },
        "LogicalTableMap": {
            "18f164b9-e69d-408e-8a3c-89960726926c": {
                "Alias": "Intermediate Table",
                "Source": {
                    "JoinInstruction": {
                        "LeftOperand": "combined",
                        "RightOperand": "22a81e94-9483-40aa-908e-b42de08d4fd2",
                        "Type": "OUTER",
                        "OnClause": "{MOVIEID} = {MOVIE_ID}"
                    }
                }
            },
            "22a81e94-9483-40aa-908e-b42de08d4fd2": {
                "Alias": "MOVIES_CURATED",
                "DataTransforms": [
                    {
                        "RenameColumnOperation": {
                            "ColumnName": "MOVIEID",
                            "NewColumnName": "MOVIE_ID"
                        }
                    },
                    {
                        "CastColumnTypeOperation": {
                            "ColumnName": "MOVIE_ID",
                            "NewColumnType": "STRING"
                        }
                    },
                    {
                        "RenameColumnOperation": {
                            "ColumnName": "TITLE",
                            "NewColumnName": "MOVIE_TITLE"
                        }
                    },
                    {
                        "RenameColumnOperation": {
                            "ColumnName": "RELEASE",
                            "NewColumnName": "RELEASE_YEAR"
                        }
                    },
                    {
                        "CastColumnTypeOperation": {
                            "ColumnName": "RELEASE_YEAR",
                            "NewColumnType": "STRING"
                        }
                    }
                ],
                "Source": {
                    "PhysicalTableId": "4d1e5728-e712-446e-ac96-7e03b5bee466"
                }
            },
            "3a29bf0f-bb10-4445-b9de-82b9d1b71da4": {
                "Alias": "USERS_CURATED",
                "DataTransforms": [
                    {
                        "RenameColumnOperation": {
                            "ColumnName": "USERID",
                            "NewColumnName": "USER_ID"
                        }
                    },
                    {
                        "CastColumnTypeOperation": {
                            "ColumnName": "USER_ID",
                            "NewColumnType": "STRING"
                        }
                    },
                    {
                        "RenameColumnOperation": {
                            "ColumnName": "FIRSTNAME",
                            "NewColumnName": "USER_FIRST_NAME"
                        }
                    },
                    {
                        "RenameColumnOperation": {
                            "ColumnName": "LASTNAME",
                            "NewColumnName": "USER_LAST_NAME"
                        }
                    }
                ],
                "Source": {
                    "PhysicalTableId": "499955d4-ffa2-4042-9946-3118925a1cdb"
                }
            },
            "811a39fb-d97d-49be-af0d-2abd1c46cf43": {
                "Alias": "Intermediate Table (2)",
                "DataTransforms": [
                    {
                        "CreateColumnsOperation": {
                            "Columns": [
                                {
                                    "ColumnName": "USER_FULL_NAME",
                                    "ColumnId": "b0807eed-93d6-49b3-8d1f-a619beda4d13",
                                    "Expression": "concat({USER_FIRST_NAME}, ' ', {USER_LAST_NAME})"
                                }
                            ]
                        }
                    },
                    {
                        "CreateColumnsOperation": {
                            "Columns": [
                                {
                                    "ColumnName": "MOVIES_DISTINCT_MOVIES",
                                    "ColumnId": "ae57a80a-b0ce-4f17-b312-008fdbcfe22b",
                                    "Expression": "distinct_count( {MOVIE_ID})"
                                }
                            ]
                        }
                    },
                    {
                        "CreateColumnsOperation": {
                            "Columns": [
                                {
                                    "ColumnName": "USERS_DISTINCT_USERS",
                                    "ColumnId": "f19d72ae-b6b5-4404-9151-e0296c3f6eaa",
                                    "Expression": "distinct_count( {USER_ID})"
                                }
                            ]
                        }
                    },
                    {
                        "CreateColumnsOperation": {
                            "Columns": [
                                {
                                    "ColumnName": "RATINGS_TOTAL_RATINGS",
                                    "ColumnId": "e2197ffc-a6b5-47fe-aab3-831f5323f5ae",
                                    "Expression": "count({RATING_VALUE})"
                                }
                            ]
                        }
                    },
                    {
                        "CreateColumnsOperation": {
                            "Columns": [
                                {
                                    "ColumnName": "RATINGS_AVG_RATING",
                                    "ColumnId": "b3a1c187-d5cb-4099-bc86-22a110edb586",
                                    "Expression": "avg({RATING_VALUE})"
                                }
                            ]
                        }
                    },
                    {
                        "CreateColumnsOperation": {
                            "Columns": [
                                {
                                    "ColumnName": "RATINGS_DISTINCT_USERS",
                                    "ColumnId": "0c385a2a-dedb-4196-b2f4-fe59bc879c25",
                                    "Expression": "distinct_count( {USERID})"
                                }
                            ]
                        }
                    },
                    {
                        "CreateColumnsOperation": {
                            "Columns": [
                                {
                                    "ColumnName": "RATINGS_DISTINCT_MOVIES",
                                    "ColumnId": "17174aaa-1b0d-4c36-9c0b-239bfc38df7c",
                                    "Expression": "distinct_count( {MOVIEID})"
                                }
                            ]
                        }
                    },
                    {
                        "CreateColumnsOperation": {
                            "Columns": [
                                {
                                    "ColumnName": "RATINGS_POPULARITY_SCORE",
                                    "ColumnId": "8e3f4188-2ed5-4e83-8611-aa581de6b0ae",
                                    "Expression": "{RATINGS_TOTAL_RATINGS} * {RATINGS_AVG_RATING}"
                                }
                            ]
                        }
                    },
                    {
                        "TagColumnOperation": {
                            "ColumnName": "USER_FULL_NAME",
                            "Tags": [
                                {
                                    "ColumnDescription": {
                                        "Text": "Full name of the user"
                                    }
                                }
                            ]
                        }
                    },
                    {
                        "TagColumnOperation": {
                            "ColumnName": "MOVIES_DISTINCT_MOVIES",
                            "Tags": [
                                {
                                    "ColumnDescription": {
                                        "Text": "Count of distinct movie IDs from the movies table"
                                    }
                                }
                            ]
                        }
                    },
                    {
                        "TagColumnOperation": {
                            "ColumnName": "USERS_DISTINCT_USERS",
                            "Tags": [
                                {
                                    "ColumnDescription": {
                                        "Text": "Count of distinct user IDs from the users table"
                                    }
                                }
                            ]
                        }
                    },
                    {
                        "TagColumnOperation": {
                            "ColumnName": "RATINGS_TOTAL_RATINGS",
                            "Tags": [
                                {
                                    "ColumnDescription": {
                                        "Text": "Count of all rating values in the ratings table"
                                    }
                                }
                            ]
                        }
                    },
                    {
                        "TagColumnOperation": {
                            "ColumnName": "RATINGS_AVG_RATING",
                            "Tags": [
                                {
                                    "ColumnDescription": {
                                        "Text": "Average of all rating values in the ratings table"
                                    }
                                }
                            ]
                        }
                    },
                    {
                        "TagColumnOperation": {
                            "ColumnName": "RATINGS_DISTINCT_USERS",
                            "Tags": [
                                {
                                    "ColumnDescription": {
                                        "Text": "Count of distinct user IDs from the ratings table"
                                    }
                                }
                            ]
                        }
                    },
                    {
                        "TagColumnOperation": {
                            "ColumnName": "RATINGS_DISTINCT_MOVIES",
                            "Tags": [
                                {
                                    "ColumnDescription": {
                                        "Text": "Count of distinct movie IDs from the ratings table"
                                    }
                                }
                            ]
                        }
                    },
                    {
                        "TagColumnOperation": {
                            "ColumnName": "RATINGS_POPULARITY_SCORE",
                            "Tags": [
                                {
                                    "ColumnDescription": {
                                        "Text": "Popularity score combining volume and quality"
                                    }
                                }
                            ]
                        }
                    },
                    {
                        "TagColumnOperation": {
                            "ColumnName": "MOVIE_ID",
                            "Tags": [
                                {
                                    "ColumnDescription": {
                                        "Text": "Movie ID"
                                    }
                                }
                            ]
                        }
                    },
                    {
                        "TagColumnOperation": {
                            "ColumnName": "MOVIE_TITLE",
                            "Tags": [
                                {
                                    "ColumnDescription": {
                                        "Text": "Title of the movie"
                                    }
                                }
                            ]
                        }
                    },
                    {
                        "TagColumnOperation": {
                            "ColumnName": "RELEASE_YEAR",
                            "Tags": [
                                {
                                    "ColumnDescription": {
                                        "Text": "Year the movie was released"
                                    }
                                }
                            ]
                        }
                    },
                    {
                        "TagColumnOperation": {
                            "ColumnName": "USER_ID",
                            "Tags": [
                                {
                                    "ColumnDescription": {
                                        "Text": "User ID"
                                    }
                                }
                            ]
                        }
                    },
                    {
                        "ProjectOperation": {
                            "ProjectedColumns": [
                                "RATING_VALUE",
                                "RATING_TIMESTAMP",
                                "MOVIE_ID",
                                "MOVIE_TITLE",
                                "RELEASE_YEAR",
                                "USER_ID",
                                "USER_FIRST_NAME",
                                "USER_LAST_NAME",
                                "STREET",
                                "CITY",
                                "STATE",
                                "POSTCODE",
                                "COUNTRY",
                                "EMAIL",
                                "PHONENUMBER",
                                "USER_FULL_NAME",
                                "MOVIES_DISTINCT_MOVIES",
                                "USERS_DISTINCT_USERS",
                                "RATINGS_TOTAL_RATINGS",
                                "RATINGS_AVG_RATING",
                                "RATINGS_DISTINCT_USERS",
                                "RATINGS_DISTINCT_MOVIES",
                                "RATINGS_POPULARITY_SCORE"
                            ]
                        }
                    }
                ],
                "Source": {
                    "JoinInstruction": {
                        "LeftOperand": "18f164b9-e69d-408e-8a3c-89960726926c",
                        "RightOperand": "3a29bf0f-bb10-4445-b9de-82b9d1b71da4",
                        "Type": "OUTER",
                        "OnClause": "{USERID} = {USER_ID}"
                    }
                }
            },
            "combined": {
                "Alias": "Combined Data",
                "DataTransforms": [
                    {
                        "CastColumnTypeOperation": {
                            "ColumnName": "USERID",
                            "NewColumnType": "STRING"
                        }
                    },
                    {
                        "CastColumnTypeOperation": {
                            "ColumnName": "MOVIEID",
                            "NewColumnType": "STRING"
                        }
                    },
                    {
                        "RenameColumnOperation": {
                            "ColumnName": "RATING",
                            "NewColumnName": "RATING_VALUE"
                        }
                    },
                    {
                        "RenameColumnOperation": {
                            "ColumnName": "TIMESTAMP",
                            "NewColumnName": "RATING_TIMESTAMP"
                        }
                    }
                ],
                "Source": {
                    "PhysicalTableId": "ratings"
                }
            }
        },
        "OutputColumns": [
            {
                "Name": "RATING_VALUE",
                "Type": "DECIMAL",
                "SubType": "FLOAT"
            },
            {
                "Name": "RATING_TIMESTAMP",
                "Type": "DATETIME"
            },
            {
                "Name": "MOVIE_ID",
                "Description": "Movie ID",
                "Type": "STRING"
            },
            {
                "Name": "MOVIE_TITLE",
                "Description": "Title of the movie",
                "Type": "STRING"
            },
            {
                "Name": "RELEASE_YEAR",
                "Description": "Year the movie was released",
                "Type": "STRING"
            },
            {
                "Name": "USER_ID",
                "Description": "User ID",
                "Type": "STRING"
            },
            {
                "Name": "USER_FIRST_NAME",
                "Type": "STRING"
            },
            {
                "Name": "USER_LAST_NAME",
                "Type": "STRING"
            },
            {
                "Name": "STREET",
                "Type": "STRING"
            },
            {
                "Name": "CITY",
                "Type": "STRING"
            },
            {
                "Name": "STATE",
                "Type": "STRING"
            },
            {
                "Name": "POSTCODE",
                "Type": "STRING"
            },
            {
                "Name": "COUNTRY",
                "Type": "STRING"
            },
            {
                "Name": "EMAIL",
                "Type": "STRING"
            },
            {
                "Name": "PHONENUMBER",
                "Type": "STRING"
            },
            {
                "Name": "USER_FULL_NAME",
                "Description": "Full name of the user",
                "Type": "STRING"
            },
            {
                "Name": "USERS_DISTINCT_USERS",
                "Description": "Count of distinct user IDs from the users table",
                "Type": "INTEGER"
            },
            {
                "Name": "MOVIES_DISTINCT_MOVIES",
                "Description": "Count of distinct movie IDs from the movies table",
                "Type": "INTEGER"
            },
            {
                "Name": "RATINGS_AVG_RATING",
                "Description": "Average of all rating values in the ratings table",
                "Type": "DECIMAL",
                "SubType": "FLOAT"
            },
            {
                "Name": "RATINGS_DISTINCT_MOVIES",
                "Description": "Count of distinct movie IDs from the ratings table",
                "Type": "INTEGER"
            },
            {
                "Name": "RATINGS_POPULARITY_SCORE",
                "Description": "Popularity score combining volume and quality",
                "Type": "DECIMAL",
                "SubType": "FLOAT"
            },
            {
                "Name": "RATINGS_DISTINCT_USERS",
                "Description": "Count of distinct user IDs from the ratings table",
                "Type": "INTEGER"
            },
            {
                "Name": "RATINGS_TOTAL_RATINGS",
                "Description": "Count of all rating values in the ratings table",
                "Type": "INTEGER"
            }
        ],
        "ImportMode": "SPICE",
        "ConsumedSpiceCapacityInBytes": 0,
        "DataSetUsageConfiguration": {
            "DisableUseAsDirectQuerySource": false,
            "DisableUseAsImportedSource": false
        }
    },
    "RequestId": "fe7ef77e-c9d8-4a81-86eb-4bd24152aa64"
}
