{
    "Status": 200,
    "DataSet": {
        "Arn": "arn:aws:quicksight:us-east-1:889399602426:dataset/movie-analytics-dataset",
        "DataSetId": "movie-analytics-dataset",
        "Name": "Movie Analytics Dataset",
        "CreatedTime": 1769024362.982,
        "LastUpdatedTime": 1769025333.604,
        "PhysicalTableMap": {
            "6703e46a-472d-4081-b1ec-cc03468df810": {
                "RelationalTable": {
                    "DataSourceArn": "arn:aws:quicksight:us-east-1:889399602426:datasource/movies-snowflake-datasource",
                    "Schema": "PUBLIC",
                    "Name": "USERS_CURATED",
                    "InputColumns": [
                        {
                            "Name": "USERID",
                            "Type": "INTEGER"
                        },
                        {
                            "Name": "FIRSTNAME",
                            "Type": "STRING"
                        },
                        {
                            "Name": "LASTNAME",
                            "Type": "STRING"
                        },
                        {
                            "Name": "STREET",
                            "Type": "STRING"
                        },
                        {
                            "Name": "CITY",
                            "Type": "STRING"
                        },
                        {
                            "Name": "STATE",
                            "Type": "STRING"
                        },
                        {
                            "Name": "POSTCODE",
                            "Type": "STRING"
                        },
                        {
                            "Name": "COUNTRY",
                            "Type": "STRING"
                        },
                        {
                            "Name": "EMAIL",
                            "Type": "STRING"
                        },
                        {
                            "Name": "PHONENUMBER",
                            "Type": "STRING"
                        }
                    ]
                }
            },
            "95909a49-fa41-41ca-a488-63c70d4d6e98": {
                "RelationalTable": {
                    "DataSourceArn": "arn:aws:quicksight:us-east-1:889399602426:datasource/movies-snowflake-datasource",
                    "Schema": "PUBLIC",
                    "Name": "MOVIES_CURATED",
                    "InputColumns": [
                        {
                            "Name": "MOVIEID",
                            "Type": "INTEGER"
                        },
                        {
                            "Name": "TITLE",
                            "Type": "STRING"
                        },
                        {
                            "Name": "RELEASE",
                            "Type": "INTEGER"
                        }
                    ]
                }
            },
            "ratings": {
                "RelationalTable": {
                    "DataSourceArn": "arn:aws:quicksight:us-east-1:889399602426:datasource/movies-snowflake-datasource",
                    "Catalog": "MOVIES",
                    "Schema": "PUBLIC",
                    "Name": "RATINGS_CURATED",
                    "InputColumns": [
                        {
                            "Name": "USERID",
                            "Type": "INTEGER"
                        },
                        {
                            "Name": "MOVIEID",
                            "Type": "INTEGER"
                        },
                        {
                            "Name": "RATING",
                            "Type": "DECIMAL",
                            "SubType": "FLOAT"
                        },
                        {
                            "Name": "TIMESTAMP",
                            "Type": "DATETIME"
                        }
                    ]
                }
            }
        },
        "LogicalTableMap": {
            "0c6a92f8-c7de-4727-8e54-76d51e7a5b09": {
                "Alias": "USERS_CURATED",
                "DataTransforms": [
                    {
                        "RenameColumnOperation": {
                            "ColumnName": "USERID",
                            "NewColumnName": "USER_ID"
                        }
                    },
                    {
                        "CastColumnTypeOperation": {
                            "ColumnName": "USER_ID",
                            "NewColumnType": "STRING"
                        }
                    },
                    {
                        "RenameColumnOperation": {
                            "ColumnName": "FIRSTNAME",
                            "NewColumnName": "USER_FIRST_NAME"
                        }
                    },
                    {
                        "RenameColumnOperation": {
                            "ColumnName": "LASTNAME",
                            "NewColumnName": "USER_LAST_NAME"
                        }
                    }
                ],
                "Source": {
                    "PhysicalTableId": "6703e46a-472d-4081-b1ec-cc03468df810"
                }
            },
            "733b358d-69ec-47b0-b6a2-18467ea0279b": {
                "Alias": "Intermediate Table (2)",
                "DataTransforms": [
                    {
                        "CreateColumnsOperation": {
                            "Columns": [
                                {
                                    "ColumnName": "USER_FULL_NAME",
                                    "ColumnId": "bc635557-ab2c-4548-837d-516d2618a783",
                                    "Expression": "concat({USER_FIRST_NAME}, ' ', {USER_LAST_NAME})"
                                }
                            ]
                        }
                    },
                    {
                        "CreateColumnsOperation": {
                            "Columns": [
                                {
                                    "ColumnName": "DISTINCT_MOVIES",
                                    "ColumnId": "e13dbf5e-1e95-4d5b-b5e6-178cc93da172",
                                    "Expression": "distinct_count({MOVIE_ID})"
                                }
                            ]
                        }
                    },
                    {
                        "TagColumnOperation": {
                            "ColumnName": "MOVIE_ID",
                            "Tags": [
                                {
                                    "ColumnDescription": {
                                        "Text": "Movie ID"
                                    }
                                }
                            ]
                        }
                    },
                    {
                        "TagColumnOperation": {
                            "ColumnName": "MOVIE_TITLE",
                            "Tags": [
                                {
                                    "ColumnDescription": {
                                        "Text": "Title of the movie"
                                    }
                                }
                            ]
                        }
                    },
                    {
                        "TagColumnOperation": {
                            "ColumnName": "RELEASE_YEAR",
                            "Tags": [
                                {
                                    "ColumnDescription": {
                                        "Text": "Year the movie was released"
                                    }
                                }
                            ]
                        }
                    },
                    {
                        "TagColumnOperation": {
                            "ColumnName": "USER_ID",
                            "Tags": [
                                {
                                    "ColumnDescription": {
                                        "Text": "User ID"
                                    }
                                }
                            ]
                        }
                    },
                    {
                        "TagColumnOperation": {
                            "ColumnName": "USER_FULL_NAME",
                            "Tags": [
                                {
                                    "ColumnDescription": {
                                        "Text": "Full name of the user"
                                    }
                                }
                            ]
                        }
                    },
                    {
                        "TagColumnOperation": {
                            "ColumnName": "DISTINCT_MOVIES",
                            "Tags": [
                                {
                                    "ColumnDescription": {
                                        "Text": "Count of distinct movie IDs from the movies table"
                                    }
                                }
                            ]
                        }
                    },
                    {
                        "ProjectOperation": {
                            "ProjectedColumns": [
                                "RATING_VALUE",
                                "RATING_TIMESTAMP",
                                "MOVIE_ID",
                                "MOVIE_TITLE",
                                "RELEASE_YEAR",
                                "USER_ID",
                                "USER_FIRST_NAME",
                                "USER_LAST_NAME",
                                "STREET",
                                "CITY",
                                "STATE",
                                "POSTCODE",
                                "COUNTRY",
                                "EMAIL",
                                "PHONENUMBER",
                                "USER_FULL_NAME",
                                "DISTINCT_MOVIES"
                            ]
                        }
                    }
                ],
                "Source": {
                    "JoinInstruction": {
                        "LeftOperand": "b60b0fcf-9d3a-419d-a51d-d5b1b0bcfc41",
                        "RightOperand": "0c6a92f8-c7de-4727-8e54-76d51e7a5b09",
                        "Type": "OUTER",
                        "OnClause": "{USERID} = {USER_ID}"
                    }
                }
            },
            "86093e0a-d0a6-49b6-9366-ff3b4696023e": {
                "Alias": "MOVIES_CURATED",
                "DataTransforms": [
                    {
                        "RenameColumnOperation": {
                            "ColumnName": "MOVIEID",
                            "NewColumnName": "MOVIE_ID"
                        }
                    },
                    {
                        "CastColumnTypeOperation": {
                            "ColumnName": "MOVIE_ID",
                            "NewColumnType": "STRING"
                        }
                    },
                    {
                        "RenameColumnOperation": {
                            "ColumnName": "TITLE",
                            "NewColumnName": "MOVIE_TITLE"
                        }
                    },
                    {
                        "RenameColumnOperation": {
                            "ColumnName": "RELEASE",
                            "NewColumnName": "RELEASE_YEAR"
                        }
                    },
                    {
                        "CastColumnTypeOperation": {
                            "ColumnName": "RELEASE_YEAR",
                            "NewColumnType": "STRING"
                        }
                    }
                ],
                "Source": {
                    "PhysicalTableId": "95909a49-fa41-41ca-a488-63c70d4d6e98"
                }
            },
            "b60b0fcf-9d3a-419d-a51d-d5b1b0bcfc41": {
                "Alias": "Intermediate Table",
                "Source": {
                    "JoinInstruction": {
                        "LeftOperand": "combined",
                        "RightOperand": "86093e0a-d0a6-49b6-9366-ff3b4696023e",
                        "Type": "OUTER",
                        "OnClause": "{MOVIEID} = {MOVIE_ID}"
                    }
                }
            },
            "combined": {
                "Alias": "Combined Data",
                "DataTransforms": [
                    {
                        "CastColumnTypeOperation": {
                            "ColumnName": "USERID",
                            "NewColumnType": "STRING"
                        }
                    },
                    {
                        "CastColumnTypeOperation": {
                            "ColumnName": "MOVIEID",
                            "NewColumnType": "STRING"
                        }
                    },
                    {
                        "RenameColumnOperation": {
                            "ColumnName": "RATING",
                            "NewColumnName": "RATING_VALUE"
                        }
                    },
                    {
                        "RenameColumnOperation": {
                            "ColumnName": "TIMESTAMP",
                            "NewColumnName": "RATING_TIMESTAMP"
                        }
                    }
                ],
                "Source": {
                    "PhysicalTableId": "ratings"
                }
            }
        },
        "OutputColumns": [
            {
                "Name": "RATING_VALUE",
                "Type": "DECIMAL",
                "SubType": "FLOAT"
            },
            {
                "Name": "RATING_TIMESTAMP",
                "Type": "DATETIME"
            },
            {
                "Name": "MOVIE_ID",
                "Description": "Movie ID",
                "Type": "STRING"
            },
            {
                "Name": "MOVIE_TITLE",
                "Description": "Title of the movie",
                "Type": "STRING"
            },
            {
                "Name": "RELEASE_YEAR",
                "Description": "Year the movie was released",
                "Type": "STRING"
            },
            {
                "Name": "USER_ID",
                "Description": "User ID",
                "Type": "STRING"
            },
            {
                "Name": "USER_FIRST_NAME",
                "Type": "STRING"
            },
            {
                "Name": "USER_LAST_NAME",
                "Type": "STRING"
            },
            {
                "Name": "STREET",
                "Type": "STRING"
            },
            {
                "Name": "CITY",
                "Type": "STRING"
            },
            {
                "Name": "STATE",
                "Type": "STRING"
            },
            {
                "Name": "POSTCODE",
                "Type": "STRING"
            },
            {
                "Name": "COUNTRY",
                "Type": "STRING"
            },
            {
                "Name": "EMAIL",
                "Type": "STRING"
            },
            {
                "Name": "PHONENUMBER",
                "Type": "STRING"
            },
            {
                "Name": "USER_FULL_NAME",
                "Description": "Full name of the user",
                "Type": "STRING"
            },
            {
                "Name": "DISTINCT_MOVIES",
                "Description": "Count of distinct movie IDs from the movies table",
                "Type": "INTEGER"
            }
        ],
        "ImportMode": "SPICE",
        "ConsumedSpiceCapacityInBytes": 183287334,
        "FieldFolders": {},
        "DataSetUsageConfiguration": {
            "DisableUseAsDirectQuerySource": false,
            "DisableUseAsImportedSource": false
        }
    },
    "RequestId": "54a6517b-b972-47ec-a0f7-f9ea77599b4a"
}
