{
  "DataSetId": "movie-analytics-dataset",
  "Name": "Movie Analytics Dataset",
  "PhysicalTableMap": {
    "movies": {
      "RelationalTable": {
        "DataSourceArn": "arn:aws:quicksight:us-east-1:889399602426:datasource/movies-snowflake-datasource",
        "Catalog": "MOVIES",
        "Schema": "PUBLIC",
        "Name": "MOVIES_CURATED",
        "InputColumns": [
          {
            "Name": "TITLE",
            "Type": "STRING"
          },
          {
            "Name": "RELEASE",
            "Type": "INTEGER"
          },
          {
            "Name": "MOVIEID",
            "Type": "INTEGER"
          }
        ]
      }
    },
    "users": {
      "RelationalTable": {
        "DataSourceArn": "arn:aws:quicksight:us-east-1:889399602426:datasource/movies-snowflake-datasource",
        "Catalog": "MOVIES",
        "Schema": "PUBLIC",
        "Name": "USERS_CURATED",
        "InputColumns": [
          {
            "Name": "FIRSTNAME",
            "Type": "STRING"
          },
          {
            "Name": "EMAIL",
            "Type": "STRING"
          },
          {
            "Name": "LASTNAME",
            "Type": "STRING"
          },
          {
            "Name": "CITY",
            "Type": "STRING"
          },
          {
            "Name": "STATE",
            "Type": "STRING"
          },
          {
            "Name": "COUNTRY",
            "Type": "STRING"
          },
          {
            "Name": "USERID",
            "Type": "INTEGER"
          }
        ]
      }
    },
    "ratings": {
      "RelationalTable": {
        "DataSourceArn": "arn:aws:quicksight:us-east-1:889399602426:datasource/movies-snowflake-datasource",
        "Catalog": "MOVIES",
        "Schema": "PUBLIC",
        "Name": "RATINGS_CURATED",
        "InputColumns": [
          {
            "Name": "TIMESTAMP",
            "Type": "DATETIME"
          },
          {
            "Name": "USERID",
            "Type": "INTEGER"
          },
          {
            "Name": "MOVIEID",
            "Type": "INTEGER"
          },
          {
            "Name": "RATING_VALUE",
            "Type": "DECIMAL"
          }
        ]
      }
    }
  },
  "LogicalTableMap": {
    "combined": {
      "Alias": "Combined Data",
      "Source": {
        "PhysicalTableId": "ratings"
      }
    }
  },
  "ImportMode": "SPICE",
  "DataSetUsageConfiguration": {
    "DisableUseAsDirectQuerySource": false,
    "DisableUseAsImportedSource": false
  }
}