{
  "DataSetId": "movie-analytics-dataset-v2",
  "Name": "Movie Analytics Dataset-v2",
  "PhysicalTableMap": {
    "83bdd9f0-97c7-4c1c-a972-bf6fac44c21a": {
      "RelationalTable": {
        "DataSourceArn": "arn:aws:quicksight:us-east-1:889399602426:datasource/movies-snowflake-datasource",
        "Schema": "PUBLIC",
        "Name": "MOVIES_CURATED",
        "InputColumns": [
          {
            "Name": "MOVIEID",
            "Type": "INTEGER"
          },
          {
            "Name": "TITLE",
            "Type": "STRING"
          },
          {
            "Name": "RELEASE",
            "Type": "INTEGER"
          }
        ]
      }
    },
    "b81930cd-c695-4524-9c0f-c5fd27a17036": {
      "RelationalTable": {
        "DataSourceArn": "arn:aws:quicksight:us-east-1:889399602426:datasource/movies-snowflake-datasource",
        "Schema": "PUBLIC",
        "Name": "USERS_CURATED",
        "InputColumns": [
          {
            "Name": "USERID",
            "Type": "INTEGER"
          },
          {
            "Name": "FIRSTNAME",
            "Type": "STRING"
          },
          {
            "Name": "LASTNAME",
            "Type": "STRING"
          },
          {
            "Name": "STREET",
            "Type": "STRING"
          },
          {
            "Name": "CITY",
            "Type": "STRING"
          },
          {
            "Name": "STATE",
            "Type": "STRING"
          },
          {
            "Name": "POSTCODE",
            "Type": "STRING"
          },
          {
            "Name": "COUNTRY",
            "Type": "STRING"
          },
          {
            "Name": "EMAIL",
            "Type": "STRING"
          },
          {
            "Name": "PHONENUMBER",
            "Type": "STRING"
          }
        ]
      }
    },
    "ratings": {
      "RelationalTable": {
        "DataSourceArn": "arn:aws:quicksight:us-east-1:889399602426:datasource/movies-snowflake-datasource",
        "Catalog": "MOVIES",
        "Schema": "PUBLIC",
        "Name": "RATINGS_CURATED",
        "InputColumns": [
          {
            "Name": "USERID",
            "Type": "INTEGER"
          },
          {
            "Name": "MOVIEID",
            "Type": "INTEGER"
          },
          {
            "Name": "RATING",
            "Type": "DECIMAL",
            "SubType": "FLOAT"
          },
          {
            "Name": "TIMESTAMP",
            "Type": "DATETIME"
          }
        ]
      }
    }
  },
  "LogicalTableMap": {
    "combined": {
      "Alias": "Combined Data",
      "DataTransforms": [
        {
          "CastColumnTypeOperation": {
            "ColumnName": "USERID",
            "NewColumnType": "STRING"
          }
        },
        {
          "CastColumnTypeOperation": {
            "ColumnName": "MOVIEID",
            "NewColumnType": "STRING"
          }
        },
        {
          "RenameColumnOperation": {
            "ColumnName": "RATING",
            "NewColumnName": "RATING_VALUE"
          }
        },
        {
          "RenameColumnOperation": {
            "ColumnName": "TIMESTAMP",
            "NewColumnName": "RATING_TIMESTAMP"
          }
        }
      ],
      "Source": {
        "PhysicalTableId": "ratings"
      }
    },
    "9235475b-48fe-4bef-8fd9-ace4eabc4c0e": {
      "Alias": "MOVIES_CURATED",
      "DataTransforms": [
        {
          "RenameColumnOperation": {
            "ColumnName": "MOVIEID",
            "NewColumnName": "MOVIE_ID"
          }
        },
        {
          "CastColumnTypeOperation": {
            "ColumnName": "MOVIE_ID",
            "NewColumnType": "STRING"
          }
        },
        {
          "RenameColumnOperation": {
            "ColumnName": "TITLE",
            "NewColumnName": "MOVIE_TITLE"
          }
        },
        {
          "RenameColumnOperation": {
            "ColumnName": "RELEASE",
            "NewColumnName": "RELEASE_YEAR"
          }
        },
        {
          "CastColumnTypeOperation": {
            "ColumnName": "RELEASE_YEAR",
            "NewColumnType": "STRING"
          }
        }
      ],
      "Source": {
        "PhysicalTableId": "83bdd9f0-97c7-4c1c-a972-bf6fac44c21a"
      }
    },
    "4f7ca17c-4152-44e5-a602-9ab7e67a621c": {
      "Alias": "Intermediate Table",
      "Source": {
        "JoinInstruction": {
          "LeftOperand": "combined",
          "RightOperand": "9235475b-48fe-4bef-8fd9-ace4eabc4c0e",
          "Type": "OUTER",
          "OnClause": "{MOVIEID} = {MOVIE_ID}"
        }
      }
    },
    "38e3767f-8262-4a57-a758-0baf4ea2f88e": {
      "Alias": "USERS_CURATED",
      "DataTransforms": [
        {
          "RenameColumnOperation": {
            "ColumnName": "USERID",
            "NewColumnName": "USER_ID"
          }
        },
        {
          "CastColumnTypeOperation": {
            "ColumnName": "USER_ID",
            "NewColumnType": "STRING"
          }
        },
        {
          "RenameColumnOperation": {
            "ColumnName": "FIRSTNAME",
            "NewColumnName": "USER_FIRST_NAME"
          }
        },
        {
          "RenameColumnOperation": {
            "ColumnName": "LASTNAME",
            "NewColumnName": "USER_LAST_NAME"
          }
        },
        {
          "RenameColumnOperation": {
            "ColumnName": "STREET",
            "NewColumnName": "USER_STREET"
          }
        },
        {
          "RenameColumnOperation": {
            "ColumnName": "CITY",
            "NewColumnName": "USER_CITY"
          }
        },
        {
          "RenameColumnOperation": {
            "ColumnName": "STATE",
            "NewColumnName": "USER_STATE"
          }
        },
        {
          "RenameColumnOperation": {
            "ColumnName": "POSTCODE",
            "NewColumnName": "USER_POSTCODE"
          }
        },
        {
          "RenameColumnOperation": {
            "ColumnName": "COUNTRY",
            "NewColumnName": "USER_COUNTRY"
          }
        },
        {
          "RenameColumnOperation": {
            "ColumnName": "EMAIL",
            "NewColumnName": "USER_EMAIL"
          }
        },
        {
          "RenameColumnOperation": {
            "ColumnName": "PHONENUMBER",
            "NewColumnName": "USER_PHONENUMBER"
          }
        }
      ],
      "Source": {
        "PhysicalTableId": "b81930cd-c695-4524-9c0f-c5fd27a17036"
      }
    },
    "e79cc459-2f03-44c7-83c6-11fd672a8637": {
      "Alias": "Intermediate Table (2)",
      "DataTransforms": [
        {
          "CreateColumnsOperation": {
            "Columns": [
              {
                "ColumnName": "USER_FULL_NAME",
                "ColumnId": "6578ca33-567a-422a-a845-cc1bd6333541",
                "Expression": "concat({USER_FIRST_NAME}, ' ', {USER_LAST_NAME})"
              }
            ]
          }
        },
        {
          "CreateColumnsOperation": {
            "Columns": [
              {
                "ColumnName": "MOVIES_DISTINCT_MOVIES",
                "ColumnId": "03fbb55d-6ae7-4617-97b8-d1b77317dbb0",
                "Expression": "distinct_count( {MOVIE_ID})"
              }
            ]
          }
        },
        {
          "CreateColumnsOperation": {
            "Columns": [
              {
                "ColumnName": "USERS_DISTINCT_USERS",
                "ColumnId": "2d973e9a-fa8d-4a0d-b339-aec9659534be",
                "Expression": "distinct_count( {USER_ID})"
              }
            ]
          }
        },
        {
          "CreateColumnsOperation": {
            "Columns": [
              {
                "ColumnName": "RATINGS_TOTAL_RATINGS",
                "ColumnId": "61655fc9-4aa1-4c30-8c8e-a083f2102a7d",
                "Expression": "count({RATING_VALUE})"
              }
            ]
          }
        },
        {
          "CreateColumnsOperation": {
            "Columns": [
              {
                "ColumnName": "RATINGS_AVG_RATING",
                "ColumnId": "f2fac365-b044-49f4-b206-b533e08c69e2",
                "Expression": "avg({RATING_VALUE})"
              }
            ]
          }
        },
        {
          "CreateColumnsOperation": {
            "Columns": [
              {
                "ColumnName": "RATINGS_DISTINCT_USERS",
                "ColumnId": "1772874b-5ded-4128-be37-2e25158b41e6",
                "Expression": "distinct_count( {USER_ID})"
              }
            ]
          }
        },
        {
          "CreateColumnsOperation": {
            "Columns": [
              {
                "ColumnName": "RATINGS_DISTINCT_MOVIES",
                "ColumnId": "cec71aad-c2cf-4ac4-b8d6-58cd2a525ac8",
                "Expression": "distinct_count( {MOVIE_ID})"
              }
            ]
          }
        },
        {
          "CreateColumnsOperation": {
            "Columns": [
              {
                "ColumnName": "RATINGS_POPULARITY_SCORE",
                "ColumnId": "e74ae390-b1f6-4f74-b344-f76d5886883f",
                "Expression": "{RATINGS_TOTAL_RATINGS} * {RATINGS_AVG_RATING}"
              }
            ]
          }
        },
        {
          "TagColumnOperation": {
            "ColumnName": "USER_FULL_NAME",
            "Tags": [
              {
                "ColumnDescription": {
                  "Text": "Full name of the user"
                }
              }
            ]
          }
        },
        {
          "TagColumnOperation": {
            "ColumnName": "MOVIES_DISTINCT_MOVIES",
            "Tags": [
              {
                "ColumnDescription": {
                  "Text": "Count of distinct movie IDs from the movies table"
                }
              }
            ]
          }
        },
        {
          "TagColumnOperation": {
            "ColumnName": "USERS_DISTINCT_USERS",
            "Tags": [
              {
                "ColumnDescription": {
                  "Text": "Count of distinct user IDs from the users table"
                }
              }
            ]
          }
        },
        {
          "TagColumnOperation": {
            "ColumnName": "RATINGS_TOTAL_RATINGS",
            "Tags": [
              {
                "ColumnDescription": {
                  "Text": "Count of all rating values in the ratings table"
                }
              }
            ]
          }
        },
        {
          "TagColumnOperation": {
            "ColumnName": "RATINGS_AVG_RATING",
            "Tags": [
              {
                "ColumnDescription": {
                  "Text": "Average of all rating values in the ratings table"
                }
              }
            ]
          }
        },
        {
          "TagColumnOperation": {
            "ColumnName": "RATINGS_DISTINCT_USERS",
            "Tags": [
              {
                "ColumnDescription": {
                  "Text": "Count of distinct user IDs from the ratings table"
                }
              }
            ]
          }
        },
        {
          "TagColumnOperation": {
            "ColumnName": "RATINGS_DISTINCT_MOVIES",
            "Tags": [
              {
                "ColumnDescription": {
                  "Text": "Count of distinct movie IDs from the ratings table"
                }
              }
            ]
          }
        },
        {
          "TagColumnOperation": {
            "ColumnName": "RATINGS_POPULARITY_SCORE",
            "Tags": [
              {
                "ColumnDescription": {
                  "Text": "Popularity score combining volume and quality"
                }
              }
            ]
          }
        },
        {
          "TagColumnOperation": {
            "ColumnName": "MOVIE_ID",
            "Tags": [
              {
                "ColumnDescription": {
                  "Text": "Movie ID"
                }
              }
            ]
          }
        },
        {
          "TagColumnOperation": {
            "ColumnName": "MOVIE_TITLE",
            "Tags": [
              {
                "ColumnDescription": {
                  "Text": "Title of the movie"
                }
              }
            ]
          }
        },
        {
          "TagColumnOperation": {
            "ColumnName": "RELEASE_YEAR",
            "Tags": [
              {
                "ColumnDescription": {
                  "Text": "Year the movie was released"
                }
              }
            ]
          }
        },
        {
          "TagColumnOperation": {
            "ColumnName": "USER_ID",
            "Tags": [
              {
                "ColumnDescription": {
                  "Text": "User ID"
                }
              }
            ]
          }
        },
        {
          "ProjectOperation": {
            "ProjectedColumns": [
              "RATING_VALUE",
              "RATING_TIMESTAMP",
              "MOVIE_ID",
              "MOVIE_TITLE",
              "RELEASE_YEAR",
              "USER_ID",
              "USER_FIRST_NAME",
              "USER_LAST_NAME",
              "USER_STREET",
              "USER_CITY",
              "USER_STATE",
              "USER_POSTCODE",
              "USER_COUNTRY",
              "USER_EMAIL",
              "USER_PHONENUMBER",
              "USER_FULL_NAME",
              "MOVIES_DISTINCT_MOVIES",
              "USERS_DISTINCT_USERS",
              "RATINGS_TOTAL_RATINGS",
              "RATINGS_AVG_RATING",
              "RATINGS_DISTINCT_USERS",
              "RATINGS_DISTINCT_MOVIES",
              "RATINGS_POPULARITY_SCORE"
            ]
          }
        }
      ],
      "Source": {
        "JoinInstruction": {
          "LeftOperand": "4f7ca17c-4152-44e5-a602-9ab7e67a621c",
          "RightOperand": "38e3767f-8262-4a57-a758-0baf4ea2f88e",
          "Type": "OUTER",
          "OnClause": "{USERID} = {USER_ID}"
        }
      }
    }
  },
  "ImportMode": "SPICE",
  "DataSetUsageConfiguration": {
    "DisableUseAsDirectQuerySource": false,
    "DisableUseAsImportedSource": false
  }
}